code,name,enname,pct_chg_exact,limit_up_count,up_count,up_true_count,limit_up_used,open,high,low,close,pre_close,change,amplitude,vol,amount,sector,turnover_rate,volume_ratio,ma_3,pct_chg_3,ma_5,pct_chg_5,ma_10,pct_chg_10
000002,万科A,"China Vanke Co.,Ltd.",6.07,0,3,2,False,27.3,28.65,27.3,28.65,27.01,1.64,5.0,1368032.57,3856258.081,SZ,1.4081,2.65,27.47,7.5,27.16,8.44,26.75,8.61
000006,深振业A,"Shenzhen Zhenye(Group) Co.,Ltd.",1.56,0,2,0,False,5.12,5.22,5.08,5.2,5.12,0.08,2.73,63296.29,32707.286,SZ,0.4694,1.61,5.14,1.56,5.14,2.36,5.11,1.17
000008,神州高铁,"China High Speed Railway Technology Co., Ltd.",2.34,0,2,2,False,3.44,3.53,3.44,3.5,3.42,0.08,2.63,237752.63,82806.798,SZ,0.9166,1.62,3.44,2.34,3.43,5.11,3.39,3.86
000019,深粮控股,"SHENZHEN CEREALS HOLDINGS CO.,LTD.",0.68,0,2,3,False,5.85,5.88,5.77,5.88,5.84,0.04,1.88,23062.03,13465.05,SZ,0.5545,1.16,5.85,0.0,5.88,0.51,5.87,0.17
000030,富奥股份,FAWER Automotive Parts Limited Company,0.67,0,2,2,False,4.48,4.5,4.41,4.5,4.47,0.03,2.01,14045.5,6271.618,SZ,0.0798,0.77,4.48,0.0,4.5,-1.53,4.52,1.12
000031,大悦城,"Grandjoy Holdings Group Co.,Ltd.",0.14,0,2,0,False,7.12,7.37,7.11,7.16,7.15,0.01,3.64,181440.72,131421.842,SZ,1.0004,2.37,7.15,0.0,7.16,2.87,7.05,3.62
000036,华联控股,China Union Holdings Ltd.,3.42,0,2,2,False,3.81,3.96,3.78,3.93,3.8,0.13,4.74,92704.75,36115.737,SZ,0.6285,2.62,3.83,4.24,3.82,2.88,3.82,1.03
000042,中洲控股,"SHENZHEN CENTRALCON INVESTMENT HOLDING CO., LTD",3.73,0,2,4,False,10.0,10.33,9.93,10.3,9.93,0.37,4.03,32061.24,32611.81,SZ,0.4842,2.67,10.02,2.79,10.01,5.32,9.87,7.07
000060,中金岭南,Shenzhen Zhongjin Lingnan Nonfemet Co. Ltd.,2.8,0,2,0,False,3.91,4.06,3.91,4.04,3.93,0.11,3.82,247943.62,99481.493,SZ,0.6949,2.63,3.96,3.32,3.94,3.86,3.91,2.8
000065,北方国际,NORINCO International Cooperation Ltd.,2.0,0,2,0,False,7.96,8.2,7.93,8.17,8.01,0.16,3.37,30529.53,24770.949,SZ,0.4854,1.87,8.04,2.77,8.03,3.68,8.0,1.11
000090,天健集团,"Shenzhen Tagen Group Co., Ltd.",0.79,0,3,0,False,5.09,5.15,5.06,5.13,5.09,0.04,1.77,58700.81,30007.611,SZ,0.3142,1.19,5.09,1.58,5.08,1.18,5.07,1.58
000096,广聚能源,"Shenzhen Guangju Energy Co.,Ltd.",2.33,0,3,0,False,9.8,10.38,9.51,10.1,9.87,0.23,8.81,23730.92,23818.974,SZ,0.4645,1.93,9.83,6.2,9.75,5.76,9.69,5.32
000151,中成股份,China National Complete Plant Import & Export Corporation Limited,0.93,0,3,2,False,9.72,9.83,9.66,9.79,9.7,0.09,1.75,24775.84,24202.994,SZ,0.9295,1.24,9.72,1.35,9.72,0.41,9.71,5.16
000159,国际实业,"Xinjiang International Industry Co.,Ltd",0.9,0,3,0,False,5.56,5.8,5.41,5.61,5.56,0.05,7.01,128074.16,71807.667,SZ,2.6644,1.54,5.57,2.75,5.55,4.28,5.51,-5.08
000301,东方盛虹,"Jiangsu Eastern Shenghong Co.,Ltd.",0.6,0,3,3,False,5.0,5.01,4.96,5.01,4.98,0.03,1.0,35176.94,17543.71,SZ,0.2888,0.84,4.99,1.21,4.99,1.01,4.99,-0.2
000338,潍柴动力,"Weichai Power Co.,Ltd.",4.61,0,2,1,False,13.04,13.44,13.0,13.38,12.79,0.59,3.44,1053663.34,1399279.45,SZ,2.4821,2.06,12.97,4.69,12.95,2.37,12.82,5.44
000401,冀东水泥,"Tangshan Jidong Cement Co.,Ltd.",5.26,0,2,0,False,14.46,15.24,14.46,15.22,14.46,0.76,5.39,508651.08,764677.317,SZ,3.7756,2.09,14.68,4.68,14.67,7.18,14.39,11.83
000415,渤海租赁,"Bohai Leasing Co.,Ltd.",1.72,0,3,0,False,3.48,3.54,3.45,3.54,3.48,0.06,2.59,180005.19,63154.653,SZ,0.5074,1.68,3.49,2.61,3.48,2.91,3.46,1.72
000417,合肥百货,"Hefei Department Store Group Co.,Ltd",1.41,0,2,2,False,4.28,4.33,4.26,4.33,4.27,0.06,1.64,15679.19,6750.091,SZ,0.2013,1.36,4.29,1.41,4.28,1.64,4.28,-0.23
000426,兴业矿业,"Inner Mongolia Xingye Mining Co.,Ltd",2.13,0,3,2,False,4.24,4.36,4.21,4.32,4.23,0.09,3.55,125558.45,53964.279,SZ,0.9666,1.25,4.26,2.61,4.24,4.35,4.23,0.93
000429,粤高速A,"Guangdong Provincial Expressway Development Co.,Ltd.",0.5,0,2,0,False,7.98,8.02,7.93,8.02,7.98,0.04,1.13,14592.12,11655.27,SZ,0.112,1.2,7.99,0.38,7.99,0.25,7.99,-0.12
000498,山东路桥,"Shandong Hi-Speed Road&Bridge Co.,Ltd.",2.44,0,2,0,False,4.5,4.61,4.47,4.61,4.5,0.11,3.11,65887.42,30098.526,SZ,0.5882,2.79,4.53,2.9,4.52,2.67,4.52,1.99
000501,鄂武商A,"Wuhan Department Store Group Co., Ltd.",1.32,0,3,0,False,10.6,10.76,10.5,10.75,10.61,0.14,2.45,39785.63,42517.026,SZ,0.5182,1.9,10.64,2.97,10.56,3.97,10.43,4.07
000507,珠海港,"Zhuhai Port Co., Ltd",1.49,0,2,0,False,6.0,6.2,5.98,6.12,6.03,0.09,3.65,163020.18,99472.23,SZ,2.1113,1.59,6.02,3.55,6.0,2.34,5.94,6.07
000517,荣安地产,"Rongan Property Co., Ltd.",2.71,0,2,0,False,2.57,2.77,2.56,2.65,2.58,0.07,8.14,229788.09,61323.623,SZ,0.757,3.71,2.59,3.92,2.58,4.74,2.56,3.52
000528,柳工,"Guangxi Liugong Machinery Co.,Ltd.",3.81,0,3,0,False,6.26,6.54,6.25,6.54,6.3,0.24,4.6,377196.28,243583.707,SZ,2.5789,4.25,6.36,5.14,6.31,5.14,6.27,4.14
000530,大冷股份,"Dalian Refrigeration Co., Ltd.",0.82,0,2,0,False,3.65,3.69,3.6,3.68,3.65,0.03,2.47,27845.95,10172.922,SZ,0.4658,1.08,3.66,1.1,3.66,1.1,3.64,0.55
000534,万泽股份,"Wedge Industrial Co.,Ltd.",0.34,0,3,1,False,9.0,9.06,8.85,8.98,8.95,0.03,2.35,15800.99,14199.469,SZ,0.3216,0.68,8.95,2.05,8.95,2.98,8.8,6.78
000543,皖能电力,An Hui Wenergy Company Limited,1.51,0,7,3,False,4.65,4.73,4.63,4.71,4.64,0.07,2.16,108279.05,50875.85,SZ,0.6048,1.2,4.66,3.06,4.62,4.9,4.55,4.43
000552,靖远煤电,"Gansu Jingyuan Coal Industry and Electricity Power Co.,Ltd",4.38,0,3,0,False,2.51,2.64,2.5,2.62,2.51,0.11,5.58,292605.23,75769.471,SZ,1.2813,3.07,2.53,7.82,2.49,8.71,2.45,8.71
000553,安道麦A,ADAMA Ltd.,2.17,0,4,0,False,9.68,9.96,9.66,9.89,9.68,0.21,3.1,38514.67,38013.716,SZ,0.8219,1.65,9.75,2.49,9.7,2.59,9.66,6.57
000554,泰山石油,"SINOPEC Shandong Taishan Petroleum CO.,LTD",1.08,0,3,0,False,4.62,4.73,4.61,4.7,4.65,0.05,2.58,46544.07,21805.686,SZ,1.2834,1.65,4.66,2.84,4.63,3.07,4.6,1.73
000559,万向钱潮,"Wanxiang Qianchao Co.,Ltd.",0.39,0,3,0,False,5.1,5.13,5.06,5.12,5.1,0.02,1.37,27937.23,14256.147,SZ,0.1015,0.88,5.1,1.19,5.1,0.39,5.1,-1.16
000560,我爱我家,"5I5J Holding Group Co., Ltd.",2.24,0,2,2,False,4.49,4.65,4.44,4.57,4.47,0.1,4.7,230390.8,104734.221,SZ,1.2816,1.6,4.46,3.16,4.42,7.53,4.34,8.55
000561,烽火电子,"Shaanxi Fenghuo Electronics Co., Ltd.",1.06,0,3,0,False,6.57,6.85,6.52,6.68,6.61,0.07,4.99,147644.88,98862.641,SZ,2.4752,3.41,6.5,9.51,6.36,9.33,6.24,7.22
000564,供销大集,"Ccoop Group Co., Ltd",0.45,0,3,0,False,2.22,2.26,2.2,2.24,2.23,0.01,2.69,162870.12,36288.047,SZ,0.812,1.33,2.22,4.19,2.2,4.19,2.18,3.23
000581,威孚高科,"Weifu High-Technology Group Co.,Ltd.",4.01,0,2,0,False,17.91,18.73,17.81,18.68,17.96,0.72,5.12,147957.19,272582.578,SZ,1.7688,1.33,18.16,4.71,18.02,8.1,17.66,7.79
000609,中迪投资,"Beijing Zodi Investment Co., Ltd.",9.96,3,6,6,False,5.85,5.85,5.79,5.85,5.32,0.53,1.13,405394.39,237142.143,SZ,13.8846,10.9,5.34,32.95,4.95,37.97,4.61,37.0
000620,新华联,"MACROLINK CULTURALTAINMENT DEVELOPMENT CO., LTD.",3.15,0,2,0,False,4.73,4.97,4.72,4.91,4.76,0.15,5.25,143007.41,69856.724,SZ,0.754,1.33,4.77,3.15,4.78,-0.81,4.86,-2.19
000630,铜陵有色,"Tongling Nonferrous Metals Group Co.,Ltd",2.35,0,2,0,False,2.13,2.19,2.12,2.18,2.13,0.05,3.29,620089.46,134458.23,SZ,0.6486,2.98,2.14,2.83,2.14,3.32,2.13,1.87
000635,英力特,"Ningxia Younglight Chemicals Co.,Ltd",1.37,0,2,2,False,7.33,7.43,7.28,7.41,7.31,0.1,2.05,16858.26,12416.588,SZ,0.5562,1.39,7.32,2.49,7.3,2.49,7.26,3.2
000637,茂化实华,"Maoming Petro-Chemical Shihua Co., Ltd.",0.72,0,2,2,False,4.17,4.18,4.13,4.17,4.14,0.03,1.21,30003.0,12481.23,SZ,0.8186,1.38,4.14,0.72,4.15,1.96,4.13,1.46
000655,金岭矿业,"Shandong Jinling Mining Co., Ltd.",3.83,0,2,1,False,5.24,5.5,5.24,5.42,5.22,0.2,4.98,201718.01,108851.388,SZ,3.3883,4.09,5.27,4.84,5.23,5.65,5.16,7.54
000680,山推股份,"Shantui Construction Machinery Co.,Ltd.",1.15,0,2,0,False,3.45,3.57,3.38,3.52,3.48,0.04,5.46,380259.43,132779.493,SZ,3.5978,3.01,3.42,7.65,3.37,6.99,3.33,6.67
000683,远兴能源,Inner Mongolia Yuan Xing Energy Company Limited,2.78,0,2,0,False,2.16,2.24,2.16,2.22,2.16,0.06,3.7,390171.97,86211.742,SZ,1.1026,2.04,2.17,3.26,2.17,3.74,2.17,-1.77
000688,国城矿业,"Guocheng Mining Co.,Ltd",3.14,0,5,0,False,11.13,11.6,10.97,11.48,11.13,0.35,5.66,89208.39,102403.282,SZ,0.7844,1.22,11.12,8.1,10.88,14.57,10.58,7.89
000690,宝新能源,"Guangdong Baolihua New Energy Stock Co.,Ltd.",0.35,0,3,0,False,5.63,5.71,5.63,5.69,5.67,0.02,1.41,35580.18,20207.835,SZ,0.1707,0.99,5.67,0.71,5.68,0.53,5.67,-0.18
000698,沈阳化工,"Shenyang Chemical Industry Co.,Ltd",1.25,0,2,0,False,3.19,3.25,3.17,3.23,3.19,0.04,2.51,43484.0,14015.275,SZ,0.5535,1.55,3.2,1.25,3.2,1.57,3.19,1.25
000703,恒逸石化,"Hengyi Petrochemical Co., Ltd",1.85,0,2,0,False,12.89,13.2,12.72,13.2,12.96,0.24,3.7,110125.01,142209.349,SZ,0.4824,0.7,12.96,2.25,12.94,2.72,13.12,-5.1
000709,河钢股份,HBIS Company Limited,4.45,0,3,0,False,2.47,2.58,2.46,2.58,2.47,0.11,4.86,704275.83,179620.825,SZ,0.6634,2.82,2.5,7.05,2.46,7.95,2.42,6.61
000711,京蓝科技,"Kingland Technology Co.,Ltd.",1.34,0,10,0,False,5.18,5.39,5.16,5.3,5.23,0.07,4.4,144856.6,76552.575,SZ,1.8502,0.62,5.24,3.72,5.18,7.94,4.93,18.3
000717,韶钢松山,"SGIS Songshan Co.,Ltd.",10.12,1,2,1,False,4.47,4.68,4.44,4.68,4.25,0.43,5.65,750089.3,345089.479,SZ,3.1002,0.96,4.29,19.08,4.13,24.8,3.83,35.65
000720,新能泰山,"Shandong Xinneng Taishan Power Generation Co.,Ltd.",0.91,0,3,0,False,5.48,5.57,5.34,5.53,5.48,0.05,4.2,146302.73,80199.093,SZ,1.6944,0.87,5.48,2.41,5.46,4.93,5.55,-6.59
000721,西安饮食,"Xi'An Catering Co.,Ltd.",0.53,0,3,0,False,3.74,3.77,3.69,3.76,3.74,0.02,2.14,18626.8,6955.353,SZ,0.4274,0.8,3.74,1.08,3.74,3.3,3.72,1.35
000723,美锦能源,"Shanxi Meijin Energy Co.,Ltd.",0.73,0,3,1,False,8.33,8.47,8.16,8.3,8.24,0.06,3.76,686853.91,571083.717,SZ,1.819,1.23,8.22,4.93,8.12,6.96,7.92,6.27
000728,国元证券,Guoyuan Securities Company Limited,0.61,0,3,0,False,8.22,8.3,8.19,8.28,8.23,0.05,1.34,63221.32,52166.874,SZ,0.2146,1.13,8.24,1.1,8.24,0.85,8.22,0.22
000731,四川美丰,"Sichuan Meifeng Chemical Industry Co., Ltd.",0.6,0,2,1,False,5.06,5.07,5.0,5.07,5.04,0.03,1.39,17361.45,8758.709,SZ,0.2935,0.79,5.05,0.8,5.04,2.22,4.98,2.42
000732,泰禾集团,"Tahoe Group Co., Ltd",6.61,0,3,0,True,5.6,6.16,5.6,5.97,5.6,0.37,10.0,680240.14,401657.757,SZ,2.7362,5.82,5.7,8.55,5.63,7.76,5.58,6.99
000751,锌业股份,"Huludao Zinc Industry Co.,Ltd.",2.33,0,2,0,False,3.01,3.11,3.01,3.08,3.01,0.07,3.32,113944.91,35025.442,SZ,0.8082,2.27,3.03,2.33,3.02,3.36,3.0,3.01
000761,本钢板材,"Bengang Steel Plates Co.,Ltd",4.49,0,3,0,False,3.55,3.77,3.55,3.72,3.56,0.16,6.18,113264.31,41873.126,SZ,0.3259,6.6,3.6,6.29,3.57,5.08,3.53,8.77
000776,广发证券,"GF Securities Co., Ltd.",1.13,0,2,0,False,13.25,13.42,13.18,13.42,13.27,0.15,1.81,164880.23,219592.247,SZ,0.2785,1.19,13.31,1.36,13.32,0.68,13.32,0.15
000786,北新建材,Beijing New Building Materials Public Limited Company,3.21,0,2,2,False,21.9,23.1,21.8,22.54,21.84,0.7,5.95,173010.09,392023.714,SZ,1.024,2.22,22.02,3.44,21.93,5.82,21.43,10.44
000789,万年青,"Jiangxi Wannianqing Cement Co., Ltd.",4.71,0,2,2,False,10.33,10.69,10.32,10.68,10.2,0.48,3.63,695974.37,733546.013,SZ,8.7285,2.63,10.34,4.81,10.28,11.02,9.97,10.79
000807,云铝股份,"Yunnan Aluminium Co.,Ltd.",6.29,0,2,0,False,4.45,4.73,4.45,4.73,4.45,0.28,6.29,675607.14,314172.932,SZ,2.5918,4.8,4.54,6.05,4.5,7.74,4.46,7.26
000811,冰轮环境,"Moon Environment Technology Co.,Ltd.",1.04,0,3,1,False,6.75,6.79,6.66,6.79,6.72,0.07,1.93,51689.72,34747.881,SZ,0.6931,1.67,6.72,2.11,6.72,1.95,6.72,-5.56
000818,航锦科技,"Hangjin Technology Co., Ltd.",0.81,0,3,0,False,9.84,10.07,9.75,9.92,9.84,0.08,3.25,118199.85,117530.538,SZ,1.7433,0.76,9.86,2.06,9.86,3.33,9.6,10.47
000821,京山轻机,"J.S. Corrugating Machinery Co.,Ltd.",1.3,0,3,0,False,6.13,6.25,6.1,6.23,6.15,0.08,2.44,33063.01,20470.949,SZ,0.7316,1.45,6.17,1.96,6.16,2.81,6.17,-0.48
000825,太钢不锈,"Shanxi Taigang Stainless Steel Co.,Ltd",3.8,0,3,1,False,3.97,4.15,3.96,4.1,3.95,0.15,4.81,680189.84,276398.075,SZ,1.1941,3.59,3.99,6.49,3.94,5.4,3.88,8.18
000830,鲁西化工,"Luxi Chemical Group Co.,Ltd.",5.0,0,3,0,False,9.2,9.67,9.16,9.66,9.2,0.46,5.54,363918.78,345620.701,SZ,2.4856,3.33,9.34,5.81,9.29,4.09,9.22,6.04
000833,粤桂股份,"Guangxi Yuegui Guangye Holdings Co., Ltd.",1.69,0,2,0,False,4.73,4.81,4.72,4.81,4.73,0.08,1.9,18967.0,9066.583,SZ,0.5017,1.14,4.75,1.05,4.75,3.0,4.74,0.0
000835,长城动漫,"Great Wall International Acg Co., Ltd.",9.96,5,6,4,False,4.86,5.3,4.34,5.3,4.82,0.48,19.92,751925.19,363703.62,SZ,24.8246,2.8,4.83,33.17,4.42,61.09,3.82,66.14
000839,中信国安,"CITIC Guoan Information Industry Co.,Ltd",0.3,0,2,2,False,3.38,3.39,3.32,3.37,3.36,0.01,2.08,125955.37,42239.711,SZ,0.3214,0.85,3.36,0.3,3.37,1.81,3.33,0.3
000859,国风塑业,"Anhui Guofeng Plastic Industry Co.,Ltd.",0.39,0,2,0,False,5.0,5.21,4.6,5.11,5.09,0.02,11.98,966255.33,475870.148,SZ,13.0696,0.98,5.05,0.0,5.01,16.93,4.54,29.37
000875,吉电股份,"Jilin Electric Power Co.,Ltd.",0.31,0,2,0,False,3.18,3.2,3.16,3.19,3.18,0.01,1.26,107237.5,34097.475,SZ,0.5487,1.0,3.18,-0.62,3.19,0.0,3.18,1.27
000878,云南铜业,"Yunnan Copper Co.,Ltd.",4.8,0,2,0,False,10.59,11.26,10.58,11.13,10.62,0.51,6.4,260275.99,286402.179,SZ,1.8376,2.66,10.78,4.61,10.75,4.7,10.75,1.37
000887,中鼎股份,"Anhui Zhongding Sealing Parts Co.,Ltd.",1.73,0,2,0,False,8.1,8.28,7.98,8.24,8.1,0.14,3.7,71936.07,58741.126,SZ,0.5906,1.5,8.09,3.26,8.07,2.36,8.09,4.97
000898,鞍钢股份,Angang Steel Company Limited,3.86,0,7,1,False,3.12,3.29,3.11,3.23,3.11,0.12,5.79,578980.24,186512.146,SZ,0.7243,2.74,3.14,8.75,3.07,10.62,2.98,10.24
000899,赣能股份,"Jiangxi Ganneng Co.,Ltd",0.84,0,3,0,False,4.75,4.8,4.7,4.8,4.76,0.04,2.1,32130.47,15311.336,SZ,0.3293,1.69,4.75,4.58,4.7,3.9,4.67,2.56
000902,新洋丰,"Xinyangfeng Agricultural Technology Co., Ltd.",3.18,0,2,0,False,7.83,8.11,7.83,8.11,7.86,0.25,3.56,121087.12,96874.298,SZ,1.0319,1.42,7.89,4.65,7.85,4.92,7.82,2.79
000903,云内动力,"Kunming Yunnei Power Co.,Ltd",1.65,0,2,0,False,2.42,2.46,2.42,2.46,2.42,0.04,1.65,53023.15,12942.982,SZ,0.3,1.53,2.43,2.07,2.42,2.5,2.42,0.0
000910,大亚圣象,"Dare Power Dekor Home Co.,Ltd.",3.31,0,2,0,False,11.92,13.13,11.8,12.5,12.1,0.4,10.99,195913.63,242463.291,SZ,3.6273,2.06,12.15,4.43,12.08,6.75,11.72,10.72
000920,南方汇通,"South Huiton Co.,Ltd",2.64,0,2,0,False,6.41,6.62,6.35,6.6,6.43,0.17,4.2,19781.01,12842.341,SZ,0.469,2.57,6.46,3.61,6.43,5.43,6.39,1.38
000922,佳电股份,"Harbin Electric Corporation Jiamusi Electric Machine Co.,Ltd",2.93,0,3,0,False,7.17,7.39,7.1,7.38,7.17,0.21,4.04,71191.61,51728.515,SZ,1.467,2.59,7.21,4.53,7.17,5.43,7.1,4.83
000927,一汽夏利,"Tianjin FAW Xiali Automobile Co.,Ltd.",0.58,0,3,3,False,3.44,3.48,3.41,3.45,3.43,0.02,2.04,95031.62,32731.849,SZ,0.5957,1.17,3.41,3.92,3.38,3.6,3.37,2.68
000928,中钢国际,"Sinosteel Engineering & Technology Co., Ltd.",3.3,0,2,0,False,4.54,4.7,4.49,4.69,4.54,0.15,4.63,83248.4,38634.737,SZ,1.1202,2.1,4.57,3.99,4.56,5.16,4.54,1.96
000932,华菱钢铁,"Hunan Valin Steel Co., Ltd.",8.02,0,2,1,False,4.6,4.93,4.6,4.85,4.49,0.36,7.35,1910489.91,916418.06,SZ,4.5256,2.75,4.58,10.23,4.5,10.73,4.35,17.43
000937,冀中能源,"Jizhong Energy Resources Co.,Ltd.",3.46,0,2,0,False,3.47,3.6,3.46,3.59,3.47,0.12,4.03,193656.25,68979.002,SZ,0.6663,2.77,3.5,4.36,3.47,5.59,3.44,3.76
000959,首钢股份,"Beijing Shougang Co., Ltd.",5.7,0,3,0,True,3.51,3.86,3.49,3.71,3.51,0.2,10.54,492569.86,180961.444,SZ,0.974,6.84,3.55,9.44,3.49,9.76,3.42,11.08
000965,天保基建,"Tianjin Tianbao Infrastructure Co.,Ltd.",1.32,0,2,0,False,3.03,3.08,3.03,3.08,3.04,0.04,1.64,42926.33,13158.003,SZ,0.3868,1.36,3.05,1.99,3.04,1.32,3.05,-0.65
000969,安泰科技,"Advanced Technology & Materials Co., Ltd.",1.16,0,2,1,False,6.05,6.13,5.98,6.08,6.01,0.07,2.5,46079.7,27972.019,SZ,0.4604,0.97,6.03,-1.14,6.07,0.33,6.05,-0.65
000983,西山煤电,"Shanxi Xishan Coal and Electricity Power Co.,Ltd",2.77,0,6,1,False,5.83,5.95,5.8,5.94,5.78,0.16,2.6,323677.79,190966.735,SZ,1.0272,3.04,5.82,4.58,5.76,6.64,5.66,6.64
001696,宗申动力,"Chongqing Zongshen Power Machinery Co.,Ltd",1.35,0,2,2,False,5.21,5.26,5.13,5.26,5.19,0.07,2.5,58608.07,30499.561,SZ,0.6576,1.38,5.21,1.15,5.22,1.54,5.21,-0.38
001896,豫能控股,"Henan Yuneng Holdings Co.,Ltd.",10.03,1,3,2,False,3.39,3.62,3.36,3.62,3.29,0.33,7.9,145795.69,52237.864,SZ,1.5685,3.18,3.4,11.04,3.35,11.73,3.3,10.7
002003,伟星股份,"Zhejiang Weixing Industrial Development Co., Ltd.",1.52,0,2,1,False,5.93,6.01,5.88,6.01,5.92,0.09,2.2,20717.6,12357.985,SZ,0.3189,1.64,5.93,2.04,5.92,2.04,5.9,3.44
002015,协鑫能科,"GCL Energy Technology Co.,Ltd.",0.53,0,2,0,False,5.62,5.7,5.56,5.68,5.65,0.03,2.48,26606.3,14969.923,SZ,0.664,1.36,5.65,0.71,5.64,2.34,5.56,2.53
002025,航天电器,"Guizhou Space Appliance Co.,Ltd.",0.48,0,2,0,False,25.15,25.53,24.79,25.27,25.15,0.12,2.94,33883.14,85441.635,SZ,0.79,1.11,25.17,0.16,25.24,0.76,24.98,3.4
002029,七匹狼,"Fujian Septwolves Industry Co.,Ltd.",1.81,0,2,1,False,5.55,5.65,5.52,5.64,5.54,0.1,2.35,40549.0,22679.435,SZ,0.5448,2.34,5.57,1.99,5.56,1.99,5.56,1.08
002039,黔源电力,"Guizhou Qianyuan Power Co.,Ltd.",2.26,0,3,1,False,14.7,14.95,14.58,14.94,14.61,0.33,2.53,36064.73,53384.431,SZ,1.1809,1.89,14.61,4.77,14.47,4.62,14.38,3.75
002040,南京港,"Nanjing Port Co., Ltd.",2.22,0,2,1,False,6.78,6.91,6.71,6.9,6.75,0.15,2.96,31168.99,21303.4,SZ,0.7816,2.06,6.79,2.07,6.79,2.53,6.8,1.47
002042,华孚时尚,"Huafu Fashion Co., Ltd.",2.78,0,3,0,False,6.12,6.29,6.03,6.29,6.12,0.17,4.25,49247.71,30384.548,SZ,0.3244,1.88,6.16,4.31,6.11,3.8,6.11,3.45
002043,兔宝宝,"Dehua TB New Decoration Material Co.,Ltd.",2.31,0,2,2,False,6.6,6.92,6.51,6.64,6.49,0.15,6.32,315587.92,212110.076,SZ,4.2502,1.29,6.45,6.41,6.36,8.67,6.06,22.96
002051,中工国际,"China CAMC Engineering Co.,Ltd.",2.47,0,2,0,False,8.91,9.17,8.86,9.13,8.91,0.22,3.48,83070.9,75439.125,SZ,0.7476,2.47,8.97,2.58,8.97,2.58,8.97,1.0
002071,长城影视,"Great Wall Movie and Television Co.,Ltd.",2.3,0,6,0,False,2.96,3.2,2.82,3.11,3.04,0.07,12.5,258542.69,77762.227,SZ,4.9561,2.04,3.04,9.51,2.95,14.34,2.83,15.61
002074,国轩高科,"Guoxuan High-Tech Co.,Ltd.",1.43,0,2,0,False,11.84,12.09,11.77,12.07,11.9,0.17,2.69,87459.97,104667.711,SZ,0.8645,0.8,11.94,1.0,11.98,3.87,11.95,-1.31
002075,沙钢股份,"Jiangsu Shagang Co.,Ltd.",6.39,0,2,1,False,6.46,6.95,6.46,6.83,6.42,0.41,7.63,407844.63,275412.826,SZ,1.8482,2.9,6.54,4.75,6.56,5.89,6.53,1.79
002083,孚日股份,"Sunvim Group Co.,Ltd.",0.17,0,2,1,False,5.95,6.0,5.91,5.95,5.94,0.01,1.52,88698.25,52851.603,SZ,1.0118,1.11,5.93,-1.49,6.0,-2.78,6.16,-5.1
002084,海鸥住工,"Guangzhou Seagull Kitchen and Bath Products Co., Ltd.",5.15,0,2,0,False,5.96,6.34,5.87,6.33,6.02,0.31,7.81,181871.99,112260.796,SZ,3.7071,1.95,6.1,4.98,6.1,3.6,6.2,-4.38
002087,新野纺织,"Henan Xinye Textile Co.,Ltd.",1.45,0,2,0,False,3.45,3.51,3.43,3.5,3.45,0.05,2.32,147479.71,51343.411,SZ,1.8082,0.68,3.46,1.74,3.47,-0.57,3.54,-6.17
002091,江苏国泰,"Jiangsu Guotai International Group Co., Ltd.",1.64,0,2,0,False,5.48,5.58,5.48,5.58,5.49,0.09,1.82,70287.45,38998.637,SZ,0.7228,1.92,5.49,2.57,5.48,3.33,5.44,4.49
002092,中泰化学,"XINJIANG ZHONGTAI CHEMICAL CO.,LTD",3.24,0,3,0,False,6.46,6.72,6.46,6.69,6.48,0.21,4.01,159593.25,105760.513,SZ,0.7436,2.73,6.54,4.53,6.49,5.35,6.4,6.53
002096,南岭民爆,"Hunan Nanling Industrial Explosive Materials Co., Ltd.",0.85,0,3,1,False,5.9,5.91,5.82,5.91,5.86,0.05,1.54,13747.51,8085.206,SZ,0.3707,0.85,5.87,1.9,5.85,2.96,5.76,4.23
002097,山河智能,"Sunward Intelligent Equipment Co.,Ltd.",0.54,0,2,0,False,5.55,5.67,5.52,5.63,5.6,0.03,2.68,71449.14,40030.327,SZ,0.8322,1.45,5.56,2.74,5.55,2.93,5.53,0.54
002108,沧州明珠,"Cangzhou Mingzhu Plastic Co.,Ltd.",9.97,1,3,0,False,3.2,3.53,3.2,3.53,3.21,0.32,10.28,359026.28,123511.232,SZ,2.5321,6.46,3.31,11.01,3.27,9.97,3.23,6.65
002110,三钢闽光,"Sansteel Minguang Co.,Ltd.Fujian",6.09,0,10,2,False,8.65,9.1,8.65,9.06,8.54,0.52,5.27,710340.77,635774.8,SZ,3.2236,1.83,8.68,7.99,8.56,11.3,8.19,19.68
002114,罗平锌电,"Yunnan Luoping Zinc & Electricity Co., Ltd.",2.53,0,2,0,False,7.12,7.35,7.12,7.3,7.12,0.18,3.23,34529.1,25047.604,SZ,1.0678,1.59,7.17,1.67,7.17,2.24,7.04,5.64
002116,中国海诚,"China Haisum Engineering Co.,Ltd.",0.95,0,2,0,False,7.34,7.42,7.28,7.42,7.35,0.07,1.9,10237.64,7546.427,SZ,0.2463,1.16,7.37,0.82,7.37,2.49,7.33,0.13
002128,露天煤业,Huolinhe Opencut Coal Industry Corporation Limited of Inner Mongolia,3.52,0,3,1,False,8.26,8.52,8.25,8.52,8.23,0.29,3.28,288998.23,244502.958,SZ,1.7682,3.88,8.32,4.93,8.24,5.58,8.13,6.5
002146,荣盛发展,"Risesun Real Estate Development Co.,Ltd",1.99,0,2,0,False,8.52,8.81,8.52,8.72,8.55,0.17,3.39,258129.01,224797.135,SZ,0.663,1.45,8.58,2.35,8.55,3.69,8.42,2.83
002154,报喜鸟,"BAOXINIAO HOLDING CO.,LTD.",1.38,0,3,0,False,2.9,2.96,2.88,2.94,2.9,0.04,2.76,122151.25,35766.299,SZ,1.103,1.96,2.91,2.44,2.9,2.44,2.89,1.38
002157,正邦科技,"Jiangxi Zhengbang Technology Co.,Ltd.",1.26,0,2,2,False,15.31,15.49,15.07,15.21,15.02,0.19,2.8,475067.7,725136.995,SZ,2.1522,0.9,15.07,0.73,15.14,-1.74,15.32,-5.7
002160,常铝股份,"JIANGSU ALCHA ALUMINIUM GROUP CO., LTD.",3.51,0,3,0,False,2.84,3.02,2.83,2.95,2.85,0.1,6.67,108626.76,31785.016,SZ,1.5918,1.95,2.87,5.36,2.84,6.12,2.88,1.03
002167,东方锆业,"Guangdong Orient Zirconic Ind Sci & Tech Co.,Ltd.",0.15,0,2,0,False,6.6,6.67,6.56,6.64,6.63,0.01,1.66,29001.13,19219.894,SZ,0.4688,0.44,6.63,-0.45,6.68,-4.46,6.74,-4.6
002171,楚江新材,"Anhui Truchum Advanced Materials and Technology Co.,Ltd.",0.49,0,3,0,False,6.1,6.22,6.1,6.16,6.13,0.03,1.96,53983.37,33290.02,SZ,0.5117,1.12,6.12,3.01,6.07,5.12,5.98,3.53
002182,云海金属,"Nanjing Yunhai Special Metals Co.,Ltd",2.73,0,2,2,False,8.43,8.73,8.38,8.65,8.42,0.23,4.16,227618.81,195636.979,SZ,4.6518,2.34,8.46,3.72,8.42,3.84,8.32,4.22
002186,全聚德,"China Quanjude(Group) Co.,Ltd",0.91,0,2,0,False,9.85,9.94,9.73,9.94,9.85,0.09,2.13,9132.92,8978.111,SZ,0.2987,1.41,9.87,0.4,9.89,1.02,9.9,-1.19
002202,金风科技,"Xinjiang Goldwind Science&Technology Co.,Ltd",0.08,0,3,0,False,12.04,12.15,11.69,12.11,12.1,0.01,3.8,173055.91,206795.508,SZ,0.5109,0.99,12.09,0.92,12.15,-2.42,12.28,-3.27
002206,海利得,"Zhejiang Hailide New Material Co.,Ltd.",0.27,0,5,1,False,3.68,3.69,3.63,3.65,3.64,0.01,1.65,37284.52,13623.998,SZ,0.3838,0.78,3.64,1.11,3.63,3.11,3.6,5.19
002226,江南化工,"Anhui Jiangnan Chemical Industry Co.,Ltd.",2.98,0,3,0,False,5.03,5.2,5.03,5.19,5.04,0.15,3.37,95699.38,49268.664,SZ,0.9986,1.67,5.08,6.79,5.0,7.23,4.92,5.92
002244,滨江集团,"Hangzhou Binjiang Real Estate Group Co.,Ltd.",5.1,0,2,1,False,4.13,4.35,4.12,4.33,4.12,0.21,5.58,230807.85,98891.842,SZ,0.8539,2.51,4.18,4.84,4.17,5.35,4.2,2.85
002286,保龄宝,"Baolingbao Biology Co., Ltd.",4.76,0,3,2,True,5.68,6.24,5.64,5.94,5.67,0.27,10.58,111400.65,66409.948,SZ,3.0169,4.63,5.67,10.41,5.56,10.41,5.56,4.58
002301,齐心集团,"Shenzhen Comix Group Co., Ltd.",0.57,0,2,0,False,12.27,12.64,11.95,12.36,12.29,0.07,5.61,79799.94,98071.201,SZ,1.2459,1.29,12.29,-0.32,12.41,-3.06,12.48,-3.66
002305,南国置业,"Langold Real Estate Co., Ltd",2.37,0,2,0,False,2.11,2.18,2.11,2.16,2.11,0.05,3.32,159458.9,34225.017,SZ,0.9208,2.65,2.12,2.86,2.11,5.37,2.09,4.35
002310,东方园林,"Beijing Orient Landscape & Environment Co.,Ltd.",1.95,0,2,1,False,4.63,4.81,4.61,4.71,4.62,0.09,4.33,205105.58,96562.004,SZ,1.245,2.16,4.64,1.73,4.64,2.17,4.63,-2.08
002332,仙琚制药,"Zhejiang Xianju Pharmaceutical Co.,Ltd.",0.59,0,2,0,False,10.07,10.63,10.01,10.25,10.19,0.06,6.08,355915.73,366719.206,SZ,3.9371,0.7,10.2,-4.38,10.28,2.3,9.94,10.22
002347,泰尔股份,"Taier Heavy Industry Co., Ltd.",0.68,0,2,0,False,4.33,4.43,4.33,4.41,4.38,0.03,2.28,28070.81,12328.86,SZ,0.8861,0.65,4.36,1.85,4.34,4.75,4.26,6.52
002360,同德化工,"Shanxi Tond Chemical Co.,Ltd.",0.8,0,3,0,False,5.01,5.08,4.98,5.07,5.03,0.04,1.99,16656.0,8387.158,SZ,0.5616,1.09,5.04,1.2,5.04,1.0,5.06,-0.59
002377,国创高新,"Hubei Guochuang Hi-Tech Material Co.,Ltd",2.62,0,2,0,False,3.79,3.96,3.77,3.92,3.82,0.1,4.97,73690.89,28667.195,SZ,1.5164,1.78,3.84,3.43,3.81,6.23,3.76,4.81
002378,章源钨业,"Chongyi Zhangyuan Tungsten Co.,Ltd.",1.81,0,2,0,False,4.95,5.09,4.91,5.05,4.96,0.09,3.63,87322.16,43906.321,SZ,0.9458,1.04,4.99,-0.59,4.99,6.09,4.9,2.02
002391,长青股份,"Jiangsu Changqing Agrochemical Co.,Ltd",0.65,0,2,0,False,7.75,7.82,7.66,7.8,7.75,0.05,2.06,15630.9,12140.39,SZ,0.4384,1.29,7.76,0.65,7.76,1.83,7.73,-0.38
002407,多氟多,"Do-Fluoride Chemicals Co.,Ltd.",0.09,0,3,0,False,11.65,11.85,11.44,11.75,11.74,0.01,3.49,88021.48,102822.38,SZ,1.5192,1.0,11.7,1.56,11.69,3.43,11.54,5.1
002411,延安必康,YanAn Bicon Pharmaceutical Listed Company,0.6,0,3,2,False,16.81,17.14,16.6,16.9,16.8,0.1,3.21,136865.36,230376.268,SZ,0.9595,1.17,16.69,7.37,16.31,6.89,16.08,5.82
002419,天虹股份,"Rainbow Department Store Co., Ltd.",0.61,0,3,2,False,9.9,9.95,9.8,9.93,9.87,0.06,1.52,36903.48,36519.062,SZ,0.3076,0.94,9.86,1.85,9.85,0.3,9.94,-1.78
002430,杭氧股份,"Hangzhou Hangyang Co., Ltd.",0.6,0,3,0,False,11.7,11.78,11.59,11.77,11.7,0.07,1.62,38869.58,45529.689,SZ,0.4091,0.88,11.72,3.25,11.63,1.64,11.45,4.72
002431,棕榈股份,"Palm Eco-Town Development Co., Ltd.",1.0,0,3,0,False,3.0,3.05,2.99,3.04,3.01,0.03,1.99,65417.5,19830.079,SZ,0.4939,1.11,3.02,2.01,3.01,2.36,3.03,-2.56
002443,金洲管道,"Zhejiang Kingland Pipeline and Technologies Co.,Ltd.",1.99,0,3,1,False,6.55,6.73,6.51,6.67,6.54,0.13,3.36,61407.14,40945.021,SZ,1.2024,2.51,6.58,2.3,6.57,2.14,6.57,1.83
002465,海格通信,Guangzhou Haige Communications Group Incorporated Company,0.7,0,3,0,False,9.93,10.08,9.85,10.0,9.93,0.07,2.32,195322.0,195164.133,SZ,0.9087,1.08,9.91,2.35,9.9,0.91,9.91,2.15
002478,常宝股份,"Jiangsu Changbao Steeltube Co.,Ltd.",2.65,0,2,2,False,5.68,5.85,5.63,5.8,5.65,0.15,3.89,108398.0,62654.554,SZ,1.8158,2.93,5.68,2.65,5.68,3.39,5.66,1.4
002483,润邦股份,"Jiangsu Rainbow Heavy Industries Co.,Ltd.",0.48,0,3,0,False,4.11,4.22,4.04,4.16,4.14,0.02,4.35,117078.8,48529.685,SZ,1.7442,2.19,4.11,3.74,4.07,8.33,3.96,5.85
002486,嘉麟杰,"Shanghai Challenge Textile Co.,Ltd.",4.29,0,2,0,False,3.48,3.8,3.45,3.65,3.5,0.15,10.0,575739.06,207949.114,SZ,6.9199,1.24,3.51,3.4,3.48,11.28,3.39,10.27
002493,荣盛石化,"Rongsheng Petrochemical Co., Ltd.",2.96,0,5,0,False,11.5,11.88,11.38,11.84,11.5,0.34,4.35,100613.62,117382.504,SZ,0.173,3.3,11.58,4.32,11.48,4.96,11.38,5.43
002497,雅化集团,"Sichuan Yahua Industrial Group Co.,Ltd.",1.37,0,2,0,False,5.82,5.93,5.74,5.92,5.84,0.08,3.25,93820.09,54848.526,SZ,1.1091,1.34,5.85,1.2,5.87,2.07,5.86,0.34
002498,汉缆股份,"Qingdao Hanhe Cable Co., Ltd.",0.7,0,3,0,False,2.84,2.88,2.82,2.87,2.85,0.02,2.11,99898.68,28498.36,SZ,0.3003,1.44,2.85,2.14,2.84,1.77,2.84,0.7
002516,旷达科技,"Kuangda Technology Group Co., Ltd.",1.14,0,2,0,False,2.63,2.67,2.61,2.67,2.64,0.03,2.27,38555.4,10201.426,SZ,0.4108,1.74,2.65,1.52,2.64,2.3,2.63,1.91
002526,山东矿机,"Shandong Mining Machinery Group Co., Ltd.",0.44,0,2,0,False,2.25,2.29,2.21,2.27,2.26,0.01,3.54,205521.56,46286.486,SZ,1.2631,0.89,2.25,1.34,2.24,5.58,2.2,6.57
002533,金杯电工,"Gold Cup Electric Apparatus Co.,Ltd.",0.42,0,3,1,False,4.83,4.85,4.79,4.82,4.8,0.02,1.25,14018.0,6746.94,SZ,0.271,0.99,4.8,0.84,4.8,0.84,4.8,-0.41
002538,司尔特,"Anhui Sierte Fertilizer Industry Ltd.,Company",1.11,0,3,0,False,4.5,4.62,4.49,4.57,4.52,0.05,2.88,76944.02,35130.62,SZ,1.1016,1.59,4.53,1.78,4.52,2.7,4.5,0.66
002541,鸿路钢构,"Anhui Honglu Steel Construction(Group) Co.,Ltd",2.96,0,3,2,False,8.96,9.25,8.83,9.05,8.79,0.26,4.78,128603.81,116451.722,SZ,3.4802,3.9,8.74,8.38,8.59,9.56,8.44,8.12
002549,凯美特气,"Hunan Kaimeite Gases Co., Ltd.",2.26,0,2,1,False,5.58,5.8,5.39,5.43,5.31,0.12,7.72,74666.4,41339.722,SZ,1.2038,3.87,5.34,1.88,5.34,2.65,5.28,6.47
002563,森马服饰,"Zhejiang Semir Garment Co., Ltd.",0.51,0,2,2,False,9.79,9.84,9.51,9.79,9.74,0.05,3.39,75707.38,73116.882,SZ,0.4096,0.87,9.73,-1.51,9.86,-5.14,10.03,-1.81
002571,德力股份,"Anhui Deli Housedhold Glass Co.,Ltd",1.31,0,2,0,False,4.53,4.65,4.48,4.64,4.58,0.06,3.71,36603.22,16786.413,SZ,1.288,0.87,4.59,1.75,4.58,4.27,4.55,1.31
002576,通达动力,"Jiangsu Tongda Power Technology Co.,Ltd.",1.63,0,2,2,False,9.2,9.45,9.13,9.34,9.19,0.15,3.48,21613.0,20103.883,SZ,1.3145,1.74,9.19,2.64,9.18,3.55,9.15,-0.11
002580,圣阳股份,"Shandong Sacred Sun Power Sources Co.,Ltd.",0.2,0,2,1,False,5.05,5.05,4.98,5.03,5.02,0.01,1.39,17775.71,8917.581,SZ,0.5689,1.1,5.01,0.8,5.02,1.21,5.01,0.8
002590,万安科技,"Zhejiang Vie Science & Technology Co.,Ltd.",0.16,0,2,0,False,6.35,6.41,6.26,6.4,6.39,0.01,2.35,12415.0,7886.784,SZ,0.2857,0.67,6.39,-1.08,6.41,1.43,6.37,0.0
002594,比亚迪,BYD Company Limited,2.4,0,3,3,False,44.16,45.28,43.54,44.87,43.82,1.05,3.97,121726.63,541772.289,SZ,1.0672,2.22,44.1,4.11,43.83,4.76,43.6,2.09
002595,豪迈科技,"Himile Mechanical Science and Technology (Shandong) Co.,Ltd",1.79,0,5,0,False,18.38,18.91,18.19,18.79,18.46,0.33,3.9,14519.09,27024.697,SZ,0.2755,1.15,18.47,4.16,18.29,4.56,18.2,2.68
002596,海南瑞泽,"Hainan Ruize New Building Material Co.,Ltd.",2.11,0,3,0,False,5.16,5.39,5.1,5.33,5.22,0.11,5.56,198778.14,104633.12,SZ,2.2124,1.63,5.25,3.29,5.22,4.51,5.23,1.14
002610,爱康科技,"Jiangsu Akcome Science & Technology Co.,Ltd.",1.92,0,2,0,False,1.55,1.59,1.55,1.59,1.56,0.03,2.56,511198.67,80293.149,SZ,1.1652,1.38,1.57,2.58,1.56,1.92,1.57,0.63
002614,奥佳华,"Xiamen Comfort Science&Technology Group Co., Ltd.",2.36,0,2,0,False,10.11,10.88,10.01,10.42,10.18,0.24,8.55,395667.34,410302.005,SZ,11.7561,3.65,9.95,12.53,9.72,12.04,9.55,9.92
002620,瑞和股份,"Shenzhen Ruihe Construction Decoration Co., Ltd.",1.4,0,3,2,False,5.74,5.83,5.69,5.81,5.73,0.08,2.44,18179.0,10501.749,SZ,0.5987,1.26,5.75,2.11,5.74,2.83,5.72,1.04
002628,成都路桥,"Chengdu Road & Bridge Engineering Co.,Ltd",1.81,0,3,0,False,4.42,4.52,4.4,4.5,4.42,0.08,2.71,98731.17,44249.856,SZ,1.3629,2.4,4.44,2.51,4.43,2.51,4.43,3.45
002634,棒杰股份,"Zhejiang Bangjie Holding Group Co.,Ltd",2.07,0,2,0,False,9.18,9.37,9.07,9.37,9.18,0.19,3.27,51654.03,47709.167,SZ,1.6346,1.01,9.23,1.74,9.25,2.4,9.19,4.34
002644,佛慈制药,"Lanzhou Foci Pharmaceutical Co., Ltd.",3.4,0,3,0,False,6.76,7.17,6.72,7.0,6.77,0.23,6.65,62524.85,43751.003,SZ,1.2244,4.45,6.78,6.71,6.7,6.71,6.65,6.38
002646,青青稞酒,"Qinghai Huzhu Barley Wine Co.,Ltd.",0.1,0,2,2,False,10.09,10.12,9.92,10.08,10.07,0.01,1.99,13509.46,13575.06,SZ,0.3003,1.02,10.05,-0.59,10.09,-0.69,10.13,-1.75
002662,京威股份,"Beijing WKW Automotive Parts Co., Ltd.",1.98,0,3,0,False,2.53,2.58,2.52,2.58,2.53,0.05,2.37,78660.99,20117.979,SZ,0.5392,0.99,2.54,3.2,2.53,7.5,2.47,5.74
002665,首航节能,"Beijing Shouhang Resources Saving Co.,Ltd",3.2,0,6,1,False,3.76,3.87,3.71,3.87,3.75,0.12,4.27,685432.29,259580.935,SZ,3.0378,2.03,3.77,5.45,3.73,7.2,3.65,6.61
002694,顾地科技,"Goody Science & Technology Co.,Ltd.",0.94,0,3,0,False,3.18,3.22,3.12,3.21,3.18,0.03,3.14,87791.92,27799.672,SZ,1.7255,0.98,3.17,4.22,3.15,4.22,3.13,5.59
002701,奥瑞金,"ORG Technology Co.,Ltd.",0.23,0,3,0,False,4.27,4.29,4.23,4.28,4.27,0.01,1.41,78850.39,33621.419,SZ,0.3382,0.66,4.27,0.94,4.27,0.94,4.26,0.23
002703,浙江世宝,Zhejiang Shibao Company Limited,10.02,2,2,3,False,5.02,5.27,4.9,5.27,4.79,0.48,7.72,435286.79,223637.238,SZ,7.8704,10.42,4.8,20.05,4.64,21.15,4.46,22.27
002721,金一文化,"Beijing Kingee Culture Development Co.,Ltd.",9.94,2,2,2,False,5.6,5.75,5.44,5.75,5.23,0.52,5.93,368093.27,208263.639,SZ,5.9282,3.38,5.24,19.05,5.04,26.1,4.84,21.82
002733,雄韬股份,"Shenzhen Center Power Tech Co.,Ltd.",0.7,0,3,0,False,22.81,23.26,22.38,23.1,22.94,0.16,3.84,149646.8,342085.965,SZ,4.573,0.89,22.76,5.34,22.48,14.53,21.79,7.59
002738,中矿资源,"Sinomine Resource Group Co., Ltd.",1.88,0,2,0,False,13.82,14.09,13.7,14.08,13.82,0.26,2.82,20641.81,28805.693,SZ,1.1274,1.57,13.83,3.45,13.78,5.07,13.67,2.77
002748,世龙实业,"Jiangxi Selon Industrial Co., Ltd.",0.14,0,3,0,False,7.0,7.02,6.85,7.01,7.0,0.01,2.43,6595.0,4580.851,SZ,0.2748,0.62,7.0,0.72,7.0,0.0,7.22,-2.64
002753,永东股份,"Shanxi Yongdong Chemistry Industry Co.,Ltd.",1.57,0,2,0,False,7.64,7.77,7.6,7.76,7.64,0.12,2.23,7647.37,5899.595,SZ,0.3815,1.59,7.68,1.44,7.68,1.97,7.66,2.92
002756,永兴材料,"Yongxing Special Materials Technology Co.,Ltd.",2.46,0,2,3,False,15.86,16.9,15.8,16.23,15.84,0.39,6.94,108451.45,177462.878,SZ,5.8744,2.34,15.78,5.39,15.69,3.77,15.64,10.78
002761,多喜爱,"Dohia Group Co., Ltd.",2.1,0,2,0,False,11.5,12.63,11.38,12.18,11.93,0.25,10.48,258436.08,313616.926,SZ,7.483,0.84,11.74,6.28,11.63,11.33,11.36,33.26
002763,汇洁股份,"Shenzhen Huijie Group Co., Ltd.",0.91,0,2,0,False,7.66,7.76,7.65,7.74,7.67,0.07,1.43,6014.2,4635.605,SZ,0.3289,0.76,7.69,0.91,7.7,0.26,7.74,-1.65
002779,中坚科技,"Zhejiang Zhongjian Technology Co ,.Ltd.",1.56,0,3,2,False,16.75,16.97,16.36,16.9,16.64,0.26,3.67,5500.0,9191.563,SZ,0.4644,1.86,16.72,1.68,16.7,1.56,16.76,0.18
002785,万里石,"Xiamen Wanli Stone Stock Co.,Ltd",3.99,0,3,5,False,15.28,15.98,15.2,15.88,15.27,0.61,5.11,39060.66,61244.074,SZ,2.5245,2.55,15.47,5.8,15.36,5.44,15.4,1.79
002789,建艺集团,"Shenzhen Jianyi Decoration Group Co.,Ltd.",0.66,0,5,2,False,16.62,16.71,16.41,16.68,16.57,0.11,1.81,7898.4,13118.915,SZ,0.9725,1.19,16.59,1.89,16.48,3.22,16.38,3.15
002790,瑞尔特,"Xiamen R&T Plumbing Technology Co., Ltd.",0.59,0,3,0,False,6.78,6.87,6.75,6.84,6.8,0.04,1.76,15915.88,10877.063,SZ,0.6293,0.78,6.79,1.94,6.8,0.0,6.92,-0.73
002802,洪汇新材,"Wuxi Honghui New Materials Technology Co.,Ltd.",0.42,0,2,0,False,18.92,19.18,18.92,19.11,19.03,0.08,1.37,1667.0,3177.836,SZ,0.2754,0.71,19.05,-0.26,19.13,-0.21,19.09,-1.14
002810,山东赫达,"Shandong Head Co., Ltd.",1.59,0,3,1,False,16.5,16.66,16.1,16.63,16.37,0.26,3.42,44186.27,72544.832,SZ,3.2395,1.35,16.39,5.32,16.18,6.6,15.88,-1.25
002827,高争民爆,"Tibet Gaozheng Explosive Co., Ltd.",1.55,0,2,0,False,8.99,9.15,8.92,9.15,9.01,0.14,2.55,11006.5,9985.743,SZ,1.1621,1.05,9.05,-0.11,9.11,0.33,9.22,-3.58
002843,泰嘉股份,"Bichamp Cutting Technology (Hunan)Co.,Ltd.",0.25,0,3,0,False,8.06,8.19,7.92,8.16,8.14,0.02,3.32,26045.0,21114.209,SZ,2.0671,0.62,8.11,2.51,8.05,5.84,8.2,-4.9
002883,中设股份,"Jiangsu Zhongshe Group Co., Ltd.",2.72,0,3,0,False,20.1,21.08,19.86,20.79,20.24,0.55,6.03,46058.56,95362.045,SZ,10.1625,2.24,20.19,7.78,19.89,8.45,19.5,12.02
002936,郑州银行,"Bank of Zhengzhou Co.,Ltd",0.89,0,2,2,False,4.48,4.52,4.46,4.51,4.47,0.04,1.34,134160.17,60378.618,SZ,0.8977,1.5,4.48,0.67,4.48,0.89,4.5,-1.96
002941,新疆交建,"Xinjiang Communications Construction Group Co.,Ltd.",1.35,0,3,0,False,21.1,22.22,20.71,21.8,21.51,0.29,7.02,107296.96,232791.91,SZ,16.5072,1.56,21.51,5.77,21.25,6.13,21.55,8.03
002958,青农商行,Qingdao Rural Commercial Bank Corporation,1.53,0,2,2,False,5.91,6.03,5.87,5.99,5.9,0.09,2.71,165207.85,98490.805,SZ,2.9737,1.39,5.92,0.84,5.93,1.7,5.92,0.67
002967,广电计量,"Guangzhou Grg Metrology & Test Co.,Ltd.",10.0,3,3,3,False,28.5,30.58,26.95,30.58,27.8,2.78,13.06,601236.81,1740913.414,SZ,72.7273,5.02,27.88,33.13,25.5,61.12,20.66,159.81
003816,中国广核,"CGN Power Co.,Ltd.",0.83,0,5,0,False,3.61,3.66,3.58,3.64,3.61,0.03,2.22,580049.51,210598.062,SZ,2.8333,1.02,3.62,3.12,3.58,4.9,3.55,0.28
300001,特锐德,"Qingdao TGOOD Electric Co., Ltd.",1.69,0,2,1,False,15.5,15.82,15.24,15.64,15.38,0.26,3.77,46449.2,72449.614,GEB,0.504,1.09,15.41,1.89,15.46,1.76,15.53,-4.23
300068,南都电源,"Zhejiang Narada Power Source Co.,Ltd.",1.18,0,2,2,False,10.16,10.27,10.1,10.26,10.14,0.12,1.68,35976.5,36603.652,GEB,0.4462,0.97,10.17,0.79,10.2,-0.48,10.33,-2.75
300073,当升科技,"Beijing Easpring Material Technology Co., Ltd.",0.25,0,2,0,False,20.19,20.38,19.89,20.25,20.2,0.05,2.43,62281.22,125290.411,GEB,1.448,0.51,20.1,0.45,20.17,4.01,19.88,-1.22
300082,奥克股份,"Liaoning Oxiranchem,Inc",1.88,0,3,3,False,5.33,5.41,5.31,5.41,5.31,0.1,1.88,18758.21,10081.182,GEB,0.2774,1.23,5.34,2.27,5.34,1.69,5.35,-1.46
300091,金通灵,"Jin Tong Ling Technology Group Co.,Ltd",3.42,0,3,0,False,3.8,3.97,3.66,3.93,3.8,0.13,8.16,808743.25,311198.91,GEB,9.7492,1.74,3.81,16.96,3.65,15.59,3.51,22.43
300100,双林股份,"Ningbo Shuanglin Auto Parts Co.,Ltd.",0.36,0,6,0,False,5.56,5.65,5.47,5.59,5.57,0.02,3.23,41565.17,23124.77,GEB,1.0907,1.34,5.55,2.19,5.52,4.68,5.43,3.71
300107,建新股份,"Hebei Jianxin Chemical Co., Ltd.",9.97,1,2,3,False,6.64,7.28,6.64,7.28,6.62,0.66,9.67,154404.54,109996.724,GEB,4.6188,4.38,6.79,12.52,6.69,12.0,6.61,8.49
300117,嘉寓股份,"Beijing Jiayu Door,Window and Curtain Wall Joint-Stock Co.,Ltd.",2.0,0,3,0,False,3.5,3.6,3.48,3.57,3.5,0.07,3.43,56891.89,20223.509,GEB,0.7965,1.79,3.52,2.88,3.51,4.39,3.49,1.13
300121,阳谷华泰,"Shandong Yanggu Huatai Chemical Co.,Ltd.",0.96,0,2,4,False,6.26,6.3,6.2,6.28,6.22,0.06,1.61,15242.0,9552.693,GEB,0.4234,0.94,6.23,1.45,6.21,3.29,6.15,5.19
300125,易世达,"Dalian East New Energy Development Co.,Ltd.",1.4,0,3,2,False,15.78,15.9,15.48,15.9,15.68,0.22,2.68,14700.84,22995.929,GEB,0.5573,1.24,15.68,3.25,15.57,3.45,15.63,1.73
300128,锦富技术,"Suzhou Jinfu Technology Co., Ltd.",0.54,0,2,0,False,3.72,3.78,3.62,3.74,3.72,0.02,4.3,203068.44,74862.09,GEB,1.8939,1.43,3.71,1.36,3.71,1.36,3.69,3.03
300132,青松股份,"Fujian Green Pine Co., Ltd",4.2,0,3,2,False,9.36,9.67,9.15,9.67,9.28,0.39,5.6,93797.66,89048.408,GEB,2.4305,2.14,9.28,9.89,9.11,10.89,9.07,4.77
300145,中金环境,"Nanfang Zhongjin Environment Co., Ltd.",1.29,0,2,0,False,3.11,3.17,3.09,3.15,3.11,0.04,2.57,113531.09,35636.447,GEB,0.6479,1.33,3.12,1.61,3.12,1.94,3.11,0.32
300151,昌红科技,"Shenzhen Changhong Technology Co.,Ltd.",1.1,0,3,1,False,8.2,8.29,8.08,8.28,8.19,0.09,2.56,21603.5,17773.974,GEB,0.7527,0.71,8.16,7.53,7.99,7.25,7.82,9.52
300185,通裕重工,"Tongyu Heavy Industry Co., Ltd.",1.16,0,3,0,False,1.73,1.75,1.71,1.75,1.73,0.02,2.31,138412.59,23996.963,GEB,0.5086,1.72,1.73,2.34,1.72,3.55,1.71,1.74
300196,长海股份,"Jiangsu Changhai Composite Materials Co., Ltd",3.14,0,3,1,False,8.92,9.21,8.91,9.19,8.91,0.28,3.37,40380.4,36824.141,GEB,1.6034,2.19,8.97,5.03,8.89,5.63,8.72,8.37
300197,铁汉生态,"Shenzhen Techand Ecology & Environment Co.,Ltd.",1.0,0,2,0,False,3.01,3.05,3.0,3.04,3.01,0.03,1.66,87484.43,26492.824,GEB,0.5249,1.13,3.02,1.33,3.02,1.0,3.02,-0.65
300207,欣旺达,"Sunwoda Electronic Co.,Ltd",0.26,0,2,2,False,15.45,15.45,14.7,15.39,15.35,0.04,4.89,344515.99,516110.468,GEB,2.4918,1.35,15.21,2.6,15.21,3.99,15.05,3.22
300214,日科化学,"Shandong Rike Chemical Co.,Ltd.",0.49,0,2,0,False,8.15,8.3,8.02,8.28,8.24,0.04,3.4,52187.71,42640.834,GEB,1.5215,0.82,8.24,0.12,8.28,0.24,8.31,0.0
300221,银禧科技,"Guangdong Silver Age Sci & Tech Co.,Ltd.",10.05,3,3,2,False,5.66,6.02,5.56,6.02,5.47,0.55,8.41,740039.81,432117.801,GEB,18.0181,8.53,5.49,33.19,5.12,34.98,4.85,26.21
300230,永利股份,"Shanghai Yongli Belting Co., Ltd.",1.3,0,3,0,False,3.85,3.91,3.81,3.9,3.85,0.05,2.6,48875.57,18867.253,GEB,0.9003,1.54,3.86,2.09,3.85,2.63,3.83,1.83
300265,通光线缆,"Jiangsu Tongguang Electronic Wire&Cable Co.,Ltd.",0.79,0,3,1,False,7.67,7.7,7.6,7.7,7.64,0.06,1.31,9975.0,7638.292,GEB,0.2962,1.16,7.66,1.72,7.64,2.12,7.6,-1.28
300274,阳光电源,"Sungrow Power Supply Co., Ltd.",1.99,0,3,1,False,10.09,10.38,10.04,10.24,10.04,0.2,3.39,184632.61,188974.009,GEB,1.7183,1.36,10.09,5.13,9.98,6.67,9.87,3.12
300275,梅安森,"Chongqing MAS Sci.&Tech.Co.,Ltd.",2.48,0,2,2,False,11.3,11.78,11.02,11.56,11.28,0.28,6.74,149131.37,170512.576,GEB,12.6825,1.46,11.27,5.0,11.21,3.21,11.06,9.16
300295,三六五网,"Everyday Network Co.,Ltd.",2.94,0,3,0,False,12.22,12.62,12.05,12.62,12.26,0.36,4.65,59939.69,74176.792,GEB,4.0044,1.51,12.38,3.53,12.33,5.61,12.02,8.98
300315,掌趣科技,"Ourpalm Co., Ltd.",1.81,0,2,2,False,5.55,5.66,5.31,5.63,5.53,0.1,6.33,1347834.21,740571.133,GEB,5.1832,0.97,5.49,6.23,5.43,14.66,5.1,14.9
300325,德威新材,"Jiangsu Dewei Advanced Materials Co.,Ltd",2.88,0,3,0,False,3.3,3.65,3.27,3.57,3.47,0.1,10.95,755415.66,257527.243,GEB,7.5812,2.3,3.48,15.53,3.33,17.43,3.2,17.82
300334,津膜科技,"Tianjin Motimo Membrane Technology Co.,Ltd.",0.57,0,2,0,False,7.07,7.12,6.97,7.11,7.07,0.04,2.12,11204.25,7904.211,GEB,0.3837,0.98,7.05,1.57,7.04,1.14,6.95,5.02
300341,麦克奥迪,"Motic (Xiamen) Electric Group Co.,Ltd",10.02,7,8,8,False,13.95,13.95,13.95,13.95,12.68,1.27,0.0,71072.41,99146.011,GEB,1.3946,2.35,12.72,33.11,11.63,61.09,9.58,105.75
300355,蒙草生态,"Inner Mongolia M-Grass Ecology and Environment(Group)Co.,Ltd.",2.24,0,3,0,False,3.13,3.22,3.08,3.2,3.13,0.07,4.47,161447.01,51024.801,GEB,1.302,2.14,3.14,4.23,3.12,4.92,3.1,2.24
300374,恒通科技,"Beijing Hengtong Innovation Luxwood Technology Co., Ltd.",2.0,0,3,3,False,9.02,9.3,8.9,9.16,8.98,0.18,4.45,22811.88,20960.262,GEB,1.3386,2.23,8.99,5.41,8.89,4.81,8.83,7.64
300388,国祯环保,"Anhui Guozhen Environment Protection Technology Joint Stock Co., Limited.",2.3,0,5,1,False,10.01,10.23,10.01,10.23,10.0,0.23,2.2,36221.56,36727.202,GEB,0.6593,1.21,10.06,3.02,10.0,4.6,9.92,4.49
300390,天华超净,"Suzhou Ta&A Ultra Clean Technology Co., Ltd.",1.11,0,3,0,False,5.35,5.52,5.35,5.48,5.42,0.06,3.14,116759.72,63417.412,GEB,3.5816,1.5,5.36,6.2,5.29,6.2,5.18,7.87
300391,康跃科技,"Kangyue Technology Co., Ltd.",1.82,0,6,0,False,6.03,6.17,5.97,6.15,6.04,0.11,3.31,40462.5,24639.79,GEB,1.239,1.15,6.06,2.84,6.01,5.85,5.91,8.27
300407,凯发电气,"Tianjin Keyvia Electric Co., Ltd",1.21,0,2,0,False,7.46,7.58,7.37,7.55,7.46,0.09,2.82,26945.85,20171.892,GEB,1.3623,1.26,7.46,2.17,7.44,3.42,7.33,6.19
300415,伊之密,"Guangdong Yizumi Precision Machinery Co.,Ltd.",1.96,0,7,3,False,8.3,8.5,8.14,8.34,8.18,0.16,4.4,91085.13,75668.217,GEB,3.2763,1.06,8.19,3.86,8.07,8.03,7.78,14.56
300473,德尔股份,"Fuxin Dare Automotive Parts Co., Ltd.",0.82,0,3,2,False,38.9,39.39,38.65,39.15,38.83,0.32,1.91,6963.03,27208.463,GEB,0.6688,0.93,38.92,1.16,38.9,3.19,38.48,4.18
300476,胜宏科技,"Victory Giant Technology (Huizhou)Co.,Ltd.",1.12,0,2,0,False,14.28,14.47,13.89,14.44,14.28,0.16,4.06,64742.7,92044.848,GEB,0.8523,0.86,14.33,0.28,14.42,-0.69,14.7,-5.0
300486,东杰智能,"Shanxi Oriental Material Handling Co., Ltd.",1.89,0,2,2,False,18.0,18.38,17.65,18.33,17.99,0.34,4.06,17324.45,31243.257,GEB,1.1692,0.77,18.09,0.88,18.1,-0.54,17.96,5.59
300490,华自科技,"Hnac Technology Co.,Ltd",0.93,0,2,0,False,10.66,11.23,10.55,10.82,10.72,0.1,6.34,70032.9,75936.202,GEB,2.9857,1.39,10.61,3.34,10.54,5.46,10.78,-4.5
300506,名家汇,"Shenzhen Minkave Technology Co., Ltd.",2.11,0,3,2,False,8.08,8.34,8.0,8.24,8.07,0.17,4.21,57337.85,47159.001,GEB,1.4321,1.68,8.11,3.26,8.09,2.87,8.05,-3.96
300527,中国应急,"China Harzone Industry Corp., Ltd",0.62,0,3,0,False,11.02,11.38,11.0,11.28,11.21,0.07,3.39,137694.54,154332.601,GEB,1.5068,1.18,11.2,4.83,11.03,5.72,10.86,6.72
300548,博创科技,"Broadex Technologies Co., Ltd.",1.83,0,2,0,False,59.87,63.0,57.04,61.76,60.65,1.11,9.83,18287.55,112016.394,GEB,2.2121,1.07,60.9,0.49,60.85,13.11,57.3,18.77
300575,中旗股份,"Jiangsu Flag Chemical Industry Co.,Ltd.",1.9,0,2,4,False,28.58,29.25,28.57,28.93,28.39,0.54,2.4,20317.4,58847.771,GEB,3.2821,0.85,28.53,1.47,28.7,-1.6,28.53,4.37
300580,贝斯特,"Wuxi Best Precision Machinery Co., Ltd",0.56,0,2,0,False,14.1,14.39,13.93,14.29,14.21,0.08,3.24,13557.66,19197.607,GEB,2.0509,1.41,14.17,1.42,14.14,3.25,14.18,-0.49
300637,扬帆新材,"Zhejiang Yangfan New Materials Co., Ltd.",0.42,0,5,1,False,11.96,11.96,11.67,11.93,11.88,0.05,2.44,16170.31,19143.816,GEB,1.2828,0.99,11.88,2.14,11.78,3.83,11.62,6.8
300643,万通智控,"Hamaton Automotive Technology Co.,Ltd.",0.98,0,3,1,False,11.24,11.96,10.98,11.29,11.18,0.11,8.77,182936.22,209084.846,GEB,21.8471,1.25,11.12,9.08,10.84,10.15,10.56,7.93
300670,大烨智能,"Jiangsu Daybright Intelligent Electric Co.,Ltd",0.59,0,2,0,False,8.3,8.54,8.3,8.46,8.41,0.05,2.85,14477.2,12217.006,GEB,1.0311,0.78,8.42,-0.12,8.48,-0.47,8.44,-1.4
300675,建科院,"Shenzhen Institute of Building Research Co.,Ltd.",1.45,0,3,0,False,15.71,16.53,15.3,16.05,15.82,0.23,7.77,72067.87,116313.947,GEB,8.934,1.29,15.86,4.09,15.72,13.11,14.94,18.89
300702,天宇股份,"Zhejiang Tianyu Pharmaceutical Co., Ltd.",3.05,0,2,0,False,41.01,42.86,39.76,42.6,41.34,1.26,7.5,49489.49,203657.896,GEB,9.3276,2.13,41.52,4.51,41.17,8.56,40.38,7.58
300727,润禾材料,"Ningbo Runhe High-Tech Materials Co.,Ltd.",1.18,0,3,0,False,14.34,14.65,14.24,14.56,14.39,0.17,2.85,9049.52,13070.91,GEB,2.345,1.31,14.44,1.75,14.39,3.63,14.23,3.12
300747,锐科激光,"Wuhan Raycus Fiber Laser Technologies Co., Ltd.",0.55,0,2,1,False,100.0,101.0,97.85,99.54,99.0,0.54,3.18,16055.65,160482.393,GEB,1.6315,1.11,98.78,1.77,98.01,4.51,96.43,4.03
300750,宁德时代,"Contemporary Amperex Technology Co., Limited",3.83,0,3,3,False,81.35,83.65,81.0,83.58,80.5,3.08,3.29,280837.68,2324168.795,GEB,2.3353,1.57,80.41,9.54,78.89,14.7,76.24,13.41
300769,德方纳米,"Shenzhen Dynanonic Co.,Ltd",1.54,0,3,0,False,81.62,85.58,80.51,84.48,83.2,1.28,6.09,12981.97,108453.885,GEB,12.144,1.76,83.21,4.71,82.21,6.47,81.17,7.81
600000,浦发银行,"Shanghai Pudong Development Bank Co.,Ltd.",0.67,0,2,2,False,12.03,12.14,12.0,12.07,11.99,0.08,1.17,251532.56,303962.341,SH,0.0895,0.78,12.01,0.25,12.06,-1.39,12.13,-1.79
600010,包钢股份,"Inner Mongolia Baotou Steel Union Co.,Ltd",3.08,0,3,0,False,1.29,1.36,1.29,1.34,1.3,0.04,5.38,4088811.04,545067.009,SH,1.2908,2.46,1.31,5.51,1.3,5.51,1.27,5.51
600011,华能国际,"Huaneng Power International,Inc.",1.36,0,6,2,False,5.88,5.96,5.88,5.95,5.87,0.08,1.36,241684.1,143374.271,SH,0.2198,1.2,5.89,3.66,5.82,7.59,5.69,4.94
600012,皖通高速,Anhui Expressway Company Limited,1.8,0,2,0,False,5.55,5.66,5.53,5.65,5.55,0.1,2.34,29961.68,16811.618,SH,0.257,1.87,5.58,2.17,5.58,0.89,5.59,1.07
600015,华夏银行,"Hua Xia Bank Co.,Limited",0.94,0,2,0,False,7.41,7.5,7.4,7.48,7.41,0.07,1.35,217469.0,162356.662,SH,0.1696,1.73,7.43,0.67,7.45,-0.13,7.47,-0.66
600017,日照港,"Rizhao Port Co.,Ltd.",1.79,0,3,0,False,2.8,2.85,2.79,2.85,2.8,0.05,2.14,147717.14,41821.72,SH,0.4803,2.38,2.81,2.52,2.81,1.79,2.81,0.71
600018,上港集团,"Shanghai International Port (Group) Co., Ltd.",1.8,0,2,0,False,5.55,5.66,5.51,5.65,5.55,0.1,2.7,167035.23,93710.9,SH,0.0721,1.63,5.58,1.62,5.59,1.62,5.59,-0.7
600019,宝钢股份,"Baoshan Iron & Steel Co.,Ltd.",4.73,0,2,2,False,5.6,5.81,5.56,5.76,5.5,0.26,4.55,2107810.22,1202209.51,SH,0.9537,1.8,5.55,7.06,5.48,9.3,5.41,5.11
600021,上海电力,"SHANGHAI ELECTRIC POWER CO.,LTD",0.55,0,3,2,False,7.3,7.32,7.2,7.3,7.26,0.04,1.65,47429.92,34453.371,SH,0.2021,0.82,7.25,2.38,7.22,2.38,7.21,1.11
600022,山东钢铁,Shandong Iron and Steel Company Ltd,5.88,0,3,1,False,1.37,1.46,1.37,1.44,1.36,0.08,6.62,1502542.76,213407.34,SH,1.3726,3.21,1.38,7.46,1.37,6.67,1.36,5.88
600023,浙能电力,"Zhejiang Zheneng Electric Power CO.,LTD",1.84,0,3,0,False,3.79,3.88,3.79,3.87,3.8,0.07,2.37,193914.16,74532.892,SH,0.1426,1.89,3.81,3.2,3.79,3.75,3.77,1.84
600026,中远海能,"COSCO SHIPPING Energy Transportation Co., Ltd.",1.54,0,7,0,False,5.83,5.95,5.82,5.94,5.85,0.09,2.22,149453.84,88349.826,SH,0.5462,1.09,5.87,4.21,5.79,5.32,5.71,4.95
600027,华电国际,Huadian Power International Corporation Limited,1.92,0,3,0,False,3.64,3.72,3.64,3.71,3.64,0.07,2.2,379278.26,140217.775,SH,0.5422,1.45,3.64,5.7,3.59,6.3,3.58,1.92
600039,四川路桥,"Sichuan Road&Bridge Co.,Ltd",1.87,0,3,1,False,3.21,3.26,3.19,3.26,3.2,0.06,2.19,187065.31,60557.749,SH,0.5411,2.36,3.22,2.52,3.21,2.19,3.21,1.87
600048,保利地产,"Poly Developments and Holdings Group Co., Ltd.",3.34,0,2,2,False,14.45,15.01,14.44,14.85,14.37,0.48,3.97,1194584.8,1769638.726,SH,1.0012,1.84,14.5,3.41,14.47,5.02,14.3,5.17
600060,海信电器,"Qingdao Hisense Electronics Co.,Ltd.",1.71,0,3,4,False,9.37,9.66,9.31,9.49,9.33,0.16,3.75,165566.97,156229.214,SH,1.2653,1.53,9.27,6.99,9.12,7.35,9.07,5.33
600068,葛洲坝,China Gezhouba Group Company Limited,1.96,0,3,0,False,6.1,6.3,6.08,6.24,6.12,0.12,3.59,621865.95,387344.969,SH,1.3505,2.21,6.12,5.23,6.06,4.7,5.96,9.09
600083,博信股份,"Jiangsu Boxin Investing & Holdings Co.,Ltd",0.72,0,2,0,False,20.88,21.2,20.5,21.03,20.88,0.15,3.35,30029.0,62709.922,SH,1.3171,0.63,20.92,-1.22,21.15,-2.19,21.32,3.75
600094,大名城,Greattown Holdings Ltd.,0.97,0,2,0,False,6.15,6.29,6.06,6.22,6.16,0.06,3.73,383473.94,237763.021,SH,1.6844,0.99,6.17,0.65,6.18,1.97,6.35,-7.58
600105,永鼎股份,JIANGSU ETERN COMPANY LIMITED,10.03,2,2,2,False,4.25,4.39,4.05,4.39,3.99,0.4,8.52,774848.49,326822.478,SH,6.2575,7.24,4.0,19.95,3.88,21.27,3.76,17.38
600106,重庆路桥,"Chongqing Road&Bridge Co.,Ltd",1.37,0,2,1,False,2.93,2.96,2.9,2.96,2.92,0.04,2.05,45507.2,13350.38,SH,0.3767,2.13,2.93,1.37,2.93,1.37,2.93,1.37
600110,诺德股份,"Nuode Investment Co.,Ltd",0.71,0,3,0,False,4.2,4.37,4.11,4.24,4.21,0.03,6.18,730232.55,309357.004,SH,6.3481,3.59,4.09,11.29,3.99,11.58,3.92,7.61
600117,西宁特钢,"Xining Special Steel Co.,Ltd",9.67,0,3,1,True,3.35,3.64,3.33,3.63,3.31,0.32,9.37,349289.06,124109.076,SH,4.7124,7.44,3.37,14.51,3.3,14.51,3.23,14.51
600118,中国卫星,"China Spacesat Co.,Ltd.",0.15,0,3,1,False,20.44,20.45,20.1,20.36,20.33,0.03,1.72,35452.58,72004.766,SH,0.2998,1.11,20.34,0.44,20.32,1.14,20.26,-0.59
600121,郑州煤电,"Zhengzhou Coal Industry & Electric Power Co.,Ltd.",10.04,1,6,0,False,2.37,2.63,2.35,2.63,2.39,0.24,11.72,495319.43,127578.124,SH,4.0653,6.97,2.43,17.41,2.35,20.09,2.26,21.2
600123,兰花科创,"Shanxi Lanhua Sci-Tech Venture Co.,Ltd",3.23,0,6,1,False,6.22,6.44,6.22,6.4,6.2,0.2,3.55,264482.79,168092.106,SH,2.3152,5.05,6.26,4.4,6.2,5.44,6.14,5.44
600139,西部资源,"Sichuan Western Resources Holding Co., Ltd",3.4,0,2,1,False,3.25,3.35,3.19,3.35,3.24,0.11,4.94,243587.99,80120.054,SH,3.6802,2.21,3.26,4.04,3.23,7.72,3.18,7.72
600155,华创阳安,"Polaris Bay Group Co.,Ltd.",1.49,0,3,0,False,12.12,12.35,11.73,12.3,12.12,0.18,5.12,220131.23,265545.501,SH,1.9511,1.16,12.1,4.59,12.0,3.8,11.88,4.15
600157,永泰能源,"Wintime Energy Co.,Ltd.",6.34,0,2,0,False,1.41,1.55,1.41,1.51,1.42,0.09,9.86,3426816.34,512671.73,SH,2.7578,3.95,1.44,7.09,1.42,11.85,1.39,10.22
600159,大龙地产,"Beijing Dalong Weiye Real Estate Development Co.,Ltd",1.63,0,3,0,False,2.45,2.49,2.43,2.49,2.45,0.04,2.45,36986.73,9131.071,SH,0.4456,1.04,2.46,4.62,2.43,6.41,2.4,5.06
600165,新日恒力,"Ningxia Xinri Hengli Steel Wire Rope Co., Ltd",2.23,0,2,0,False,4.04,4.16,4.04,4.13,4.04,0.09,2.97,144623.18,59127.008,SH,2.1116,2.18,4.07,2.23,4.05,5.09,3.98,4.29
600169,太原重工,"Taiyuan Heavy Industry Co.,Ltd.",2.21,0,3,2,False,2.27,2.34,2.24,2.31,2.26,0.05,4.42,128877.61,29562.231,SH,0.5027,1.84,2.27,4.05,2.26,4.52,2.23,4.05
600175,美都能源,MeiDu Energy Corporation,3.41,0,5,0,False,1.76,1.85,1.75,1.82,1.76,0.06,5.68,440458.77,79337.008,SH,1.2315,1.74,1.78,4.6,1.76,8.33,1.74,5.81
600185,格力地产,"Gree Real Estate Co.,Ltd",3.28,0,2,0,False,4.88,5.07,4.86,5.04,4.88,0.16,4.3,53757.65,26794.108,SH,0.2609,1.91,4.92,3.49,4.91,2.86,4.96,-1.18
600188,兖州煤业,Yanzhou Coal Mining Company Limited,7.71,0,3,2,False,9.27,10.02,9.27,9.92,9.21,0.71,8.14,608486.03,589896.62,SH,2.0558,3.34,9.43,8.53,9.32,7.46,9.35,6.63
600202,哈空调,"Harbin Air Conditioning Co.,Ltd.",1.07,0,2,0,False,4.69,4.74,4.61,4.74,4.69,0.05,2.77,16036.01,7513.306,SH,0.4183,1.15,4.7,1.28,4.71,1.72,4.71,1.28
600219,南山铝业,"Shandong Nanshan Aluminium Co., Ltd.",3.3,0,2,0,False,2.12,2.19,2.11,2.19,2.12,0.07,3.77,1079431.9,233523.522,SH,1.1029,3.21,2.14,4.29,2.12,4.78,2.11,4.78
600220,江苏阳光,"Jiangsu Sunshine Co.,Ltd.",1.4,0,3,2,False,2.15,2.17,2.12,2.17,2.14,0.03,2.34,45907.14,9850.784,SH,0.2574,1.44,2.15,2.84,2.13,4.33,2.12,2.84
600221,海航控股,"Hainan Airlines Holding Co., Ltd.",1.81,0,2,0,False,1.66,1.7,1.66,1.69,1.66,0.03,2.41,580108.32,97635.872,SH,0.3529,1.99,1.67,2.42,1.66,2.42,1.66,0.6
600230,沧州大化,"Cangzhou Dahua Co.,Ltd",7.67,0,3,0,False,9.5,10.26,9.42,10.25,9.52,0.73,8.82,162529.61,162238.654,SH,3.9462,3.92,9.74,9.86,9.61,10.22,9.45,10.33
600231,凌钢股份,"Lingyuan Iron & Steel Co.,Ltd.",7.06,0,3,1,False,2.71,2.9,2.71,2.88,2.69,0.19,7.06,319695.48,90832.692,SH,1.1537,6.51,2.73,9.92,2.69,9.92,2.66,9.09
600236,桂冠电力,"Guangxi Guiguan Electric Power Co.,Ltd.",0.63,0,3,0,False,4.77,4.82,4.75,4.8,4.77,0.03,1.47,41549.58,19917.178,SH,0.0527,1.0,4.77,1.48,4.76,0.84,4.72,4.58
600246,万通地产,"Beijing Vantone Real Estate Co.,Ltd",2.4,0,3,0,False,4.17,4.3,4.17,4.27,4.17,0.1,3.12,59961.85,25482.741,SH,0.2919,1.97,4.19,6.75,4.13,8.1,4.05,3.89
600256,广汇能源,"Guanghui Energy Co.,Ltd.",2.17,0,3,0,False,3.23,3.3,3.23,3.3,3.23,0.07,2.17,264034.73,86328.156,SH,0.3919,2.13,3.25,2.8,3.24,3.12,3.22,3.12
600258,首旅酒店,"BTG Hotels (Group) Co., Ltd.",1.43,0,2,0,False,17.38,17.8,16.88,17.75,17.5,0.25,5.26,72704.92,126594.646,SH,1.164,1.29,17.41,2.66,17.42,1.14,17.64,-2.04
600266,城建发展,"Beijing Urban Construction Investment & Development Co.,Ltd.",1.27,0,2,0,False,7.85,8.08,7.85,7.97,7.87,0.1,2.92,145572.78,116061.403,SH,0.7741,1.32,7.86,2.44,7.81,4.59,7.73,4.87
600268,国电南自,"Guodian Nanjing Automation Co.,Ltd",1.75,0,3,0,False,5.0,5.37,4.88,5.22,5.13,0.09,9.55,250094.82,127233.385,SH,3.937,1.99,5.14,13.23,4.93,14.22,4.78,12.74
600280,中央商场,"Nanjing Central Emporium (Group) Stocks Co.,Ltd.",3.55,0,3,2,False,2.84,3.06,2.8,2.92,2.82,0.1,9.22,110916.69,32399.471,SH,0.9659,2.69,2.84,6.96,2.8,8.55,2.79,0.34
600282,南钢股份,"Nanjing Iron & Steel Co.,Ltd.",5.49,0,6,2,False,3.34,3.51,3.33,3.46,3.28,0.18,5.49,1007159.87,345642.858,SH,2.2743,3.19,3.31,8.81,3.26,10.9,3.16,14.95
600283,钱江水利,"Qian Jiang Water Resources Development Co.,Ltd",3.46,0,2,0,False,9.69,10.18,9.63,10.18,9.84,0.34,5.59,46662.32,46816.361,SH,1.3219,1.7,9.85,4.2,9.85,8.64,9.77,3.04
600291,西水股份,"Xishui Strong Year Co.,Ltd Inner Mongolia",0.97,0,3,0,False,8.23,8.34,8.16,8.34,8.26,0.08,2.18,60457.11,49964.632,SH,0.5531,1.2,8.27,2.33,8.25,2.58,8.23,1.58
600295,鄂尔多斯,"Inner Mongolia Eerduosi Resources Co.,Ltd.",1.42,0,2,1,False,8.48,8.74,8.41,8.55,8.43,0.12,3.91,122827.28,105561.973,SH,2.007,2.77,8.43,2.4,8.39,4.91,8.26,3.76
600300,维维股份,"V V Food & Beverage Co.,Ltd.",1.77,0,2,0,False,2.83,2.89,2.82,2.88,2.83,0.05,2.47,127309.11,36393.952,SH,0.7614,1.57,2.84,2.49,2.83,3.97,2.81,1.41
600307,酒钢宏兴,"Gansu Jiu Steel Group Hongxing Iron & Steel Co.,Ltd.",4.64,0,3,0,False,1.93,2.07,1.93,2.03,1.94,0.09,7.22,1075795.75,216857.04,SH,1.7176,3.24,1.97,8.56,1.93,9.14,1.88,10.33
600309,万华化学,"Wanhua Chemical Group Co.,Ltd.",4.33,0,3,0,False,46.8,49.15,46.8,48.9,46.87,2.03,5.01,350420.41,1699085.106,SH,2.4612,3.72,47.38,6.3,46.85,7.0,46.5,6.56
600312,平高电气,"Henan Pinggao Electric Co.,Ltd",1.59,0,3,0,False,6.26,6.39,6.26,6.38,6.28,0.1,2.07,56792.93,35990.582,SH,0.4185,0.92,6.31,2.08,6.31,2.24,6.3,-0.93
600317,营口港,"Yingkou Port Liability Co.,Ltd",0.4,0,3,0,False,2.47,2.49,2.46,2.49,2.48,0.01,1.21,50609.98,12544.583,SH,0.0782,1.38,2.48,1.22,2.48,-0.4,2.49,-1.58
600322,天房发展,"Tianjin Realty Development(Group) Co.,Ltd.",2.01,0,2,2,False,3.0,3.06,2.98,3.05,2.99,0.06,2.68,60975.21,18446.361,SH,0.5515,1.89,3.0,2.69,3.0,3.04,2.99,2.35
600338,西藏珠峰,"Tibet Summit Resources Co., Ltd.",10.01,1,2,0,False,10.19,11.21,10.16,11.21,10.19,1.02,10.3,390940.2,428697.695,SH,4.2763,4.54,10.43,12.89,10.2,16.77,9.9,17.14
600339,中油工程,"China Petroleum Engineering Co., Ltd.",1.56,0,3,0,False,3.19,3.26,3.18,3.25,3.2,0.05,2.5,276790.73,89499.13,SH,1.7832,1.7,3.21,3.5,3.19,2.2,3.21,-2.99
600346,恒力石化,"Hengli Petrochemical Co.,Ltd.",0.57,0,3,0,False,14.03,14.12,13.66,14.11,14.03,0.08,3.28,144751.33,202068.443,SH,0.3125,0.96,14.05,0.86,14.1,-0.35,14.25,-5.74
600348,阳泉煤业,"Yang Quan Coal Industry (Group) Co., Ltd.",4.47,0,6,0,False,5.14,5.38,5.14,5.37,5.14,0.23,4.67,403633.78,214344.664,SH,1.6783,4.3,5.2,5.5,5.16,6.76,5.1,5.92
600369,西南证券,"Southwest Securities Co.,Ltd.",0.7,0,2,0,False,4.28,4.34,4.28,4.33,4.3,0.03,1.4,121025.61,52235.032,SH,0.2144,1.07,4.3,0.93,4.31,0.46,4.31,-1.37
600375,华菱星马,"Hualing Xingma Automobile (Group) Co.,Ltd.",1.32,0,3,0,False,4.5,4.59,4.45,4.59,4.53,0.06,3.09,45424.18,20564.42,SH,0.8174,1.32,4.53,3.15,4.5,4.32,4.46,5.03
600376,首开股份,"Beijing Capital Development Co.,Ltd.",1.44,0,3,0,False,7.62,7.75,7.56,7.73,7.62,0.11,2.49,121733.12,93244.545,SH,0.4719,1.34,7.63,3.07,7.59,4.04,7.56,0.13
600386,北巴传媒,"Beijing Bashi Media Co.,Ltd.",1.42,0,2,0,False,3.53,3.6,3.51,3.58,3.53,0.05,2.55,28762.04,10269.618,SH,0.3567,1.31,3.54,1.42,3.55,1.99,3.53,0.56
600387,海越能源,"HY Energy Group Co.,Ltd",2.86,0,3,0,False,8.04,8.28,8.0,8.28,8.05,0.23,3.48,81234.3,66486.857,SH,2.0963,1.87,8.11,4.28,8.07,6.56,7.95,6.56
600388,龙净环保,"Fujian Longking Co.,Ltd",1.07,0,3,1,False,9.38,9.49,9.33,9.46,9.36,0.1,1.71,33772.28,31876.75,SH,0.3159,1.27,9.39,1.61,9.37,2.16,9.3,0.32
600389,江山股份,"Nantong Jiangshan Agrochemical&Chemicals Co.,Ltd.",1.68,0,2,0,False,18.95,19.47,18.95,19.4,19.08,0.32,2.73,12008.86,23196.802,SH,0.4043,1.29,19.18,0.1,19.28,1.84,19.32,-0.56
600397,安源煤业,"Anyuan Coal Industry Group Co., Ltd.",10.18,4,6,4,False,2.98,3.03,2.95,3.03,2.75,0.28,2.91,460442.48,139215.083,SH,4.6511,1.35,2.76,33.48,2.52,51.5,2.26,50.75
600403,大有能源,"Henan Dayou Energy Co., Ltd",2.45,0,4,0,False,4.03,4.24,4.03,4.18,4.08,0.1,5.15,66761.65,27829.956,SH,0.2792,2.45,4.11,5.03,4.05,5.03,4.01,8.85
600415,小商品城,"Zhejiang China Commodities City Group Co.,Ltd",0.53,0,2,0,False,3.74,3.8,3.74,3.78,3.76,0.02,1.6,56294.71,21275.676,SH,0.1034,1.04,3.76,0.53,3.76,0.53,3.77,-1.31
600416,湘电股份,"Xiangtan Electric Manufacturing Co.,Ltd.",1.32,0,2,0,False,5.97,6.18,5.95,6.12,6.04,0.08,3.81,41969.25,25604.149,SH,0.4437,0.61,6.04,2.17,6.03,8.51,5.89,2.68
600425,青松建化,"Xinjiang Qingsong Building Materials and Chemicals(Group) Co.,Ltd",9.88,1,2,0,False,3.33,3.67,3.33,3.67,3.34,0.33,10.18,370309.82,132244.112,SH,2.6858,4.68,3.44,10.54,3.4,12.23,3.35,8.9
600426,华鲁恒升,"Shandong Hualu-Hengsheng Chemical Co.,Ltd",1.07,0,7,0,False,16.74,17.15,16.63,16.93,16.75,0.18,3.1,130036.85,219728.408,SH,0.804,1.41,16.74,3.61,16.56,4.64,16.25,6.01
600468,百利电气,"Tianjin Benefo Tejing Electric Co.,Ltd.",1.55,0,3,1,False,3.24,3.36,3.23,3.27,3.22,0.05,4.04,64930.43,21331.861,SH,0.5788,1.96,3.23,2.83,3.22,2.83,3.21,0.93
600470,六国化工,"Anhui Liuguo Chemical Co.,Ltd",3.0,0,2,0,False,4.0,4.22,3.98,4.12,4.0,0.12,6.0,115644.0,47517.666,SH,2.2171,2.23,4.04,1.48,4.04,3.52,4.03,3.52
600475,华光股份,"Wuxi Huaguang Boiler Co.,Ltd.",0.32,0,2,2,False,9.53,9.53,9.39,9.53,9.5,0.03,1.47,7310.17,6921.49,SH,0.5203,0.98,9.51,-0.1,9.54,0.21,9.55,-0.83
600480,凌云股份,Lingyun Industrial Corporation Limited,1.67,0,3,1,False,6.0,6.1,5.98,6.09,5.99,0.1,2.0,40063.02,24234.509,SH,0.7347,1.11,6.02,2.18,6.02,1.67,6.04,-1.77
600483,福能股份,"Fujian Funeng Co.,Ltd.",0.43,0,3,0,False,9.2,9.35,9.16,9.24,9.2,0.04,2.07,40523.46,37498.272,SH,0.2611,1.59,9.17,2.33,9.12,3.47,9.07,2.1
600486,扬农化工,"Jiangsu Yangnong Chemical Co.,Ltd.",0.94,0,2,1,False,57.77,58.8,57.05,58.21,57.67,0.54,3.03,48767.82,282701.267,SH,1.5737,1.45,57.0,1.09,56.88,4.54,56.37,6.22
600495,晋西车轴,Jinxi Axle Company Limited,1.95,0,2,0,False,4.1,4.18,4.08,4.18,4.1,0.08,2.44,99525.54,41272.316,SH,0.8238,2.71,4.12,2.2,4.11,2.96,4.08,3.47
600499,科达洁能,"Keda Clean Energy Co.,Ltd.",0.51,0,3,0,False,3.84,3.92,3.84,3.91,3.89,0.02,2.06,27457.99,10677.921,SH,0.1945,1.0,3.89,1.3,3.89,2.09,3.87,-0.26
600500,中化国际,Sinochem International Corporation,0.99,0,5,0,False,5.04,5.1,5.02,5.09,5.04,0.05,1.59,83232.86,42172.93,SH,0.3074,1.04,5.05,1.8,5.02,4.73,4.96,3.04
600502,安徽建工,Anhui Construction Engineering Group Corporation Limited,1.81,0,2,0,False,3.85,3.96,3.85,3.94,3.87,0.07,2.84,85239.77,33438.087,SH,0.9359,1.84,3.89,1.81,3.88,3.96,3.84,3.96
600507,方大特钢,"Fangda Special Steel Technology Co.,Ltd",3.8,0,8,5,False,9.24,9.75,9.21,9.55,9.2,0.35,5.87,408964.63,391346.719,SH,2.9486,1.61,9.28,5.29,9.18,10.28,8.74,17.18
600509,天富能源,"Xinjiang Tianfu Energy Co.,Ltd.",3.07,0,3,0,False,3.57,3.7,3.56,3.69,3.58,0.11,3.91,56038.49,20390.384,SH,0.6187,1.67,3.61,3.65,3.59,6.34,3.54,3.94
600512,腾达建设,"Tengda Construction Group Co., Ltd.",1.43,0,3,0,False,2.78,2.84,2.76,2.83,2.79,0.04,2.87,396348.8,111510.064,SH,2.4789,2.39,2.78,4.04,2.76,4.04,2.74,4.04
600515,海航基础,"Hna Infrastructure Investment Group Co., Ltd",2.35,0,3,2,False,3.84,3.92,3.83,3.92,3.83,0.09,2.35,77131.82,29986.136,SH,0.4651,1.86,3.86,2.89,3.85,2.62,3.86,0.51
600516,方大炭素,"Fangda Carbon New Material Co.,Ltd",3.17,0,2,3,False,10.78,11.25,10.78,11.07,10.73,0.34,4.38,706155.09,780611.792,SH,2.5975,2.78,10.76,5.03,10.71,5.03,10.63,3.55
600520,文一科技,"WenYi Trinity Technology Co.,Ltd",0.49,0,2,1,False,10.33,10.33,10.14,10.31,10.26,0.05,1.85,6802.0,6960.773,SH,0.4293,0.91,10.27,-0.1,10.32,0.1,10.33,-3.19
600527,江南高纤,"Jiangsu Jiangnan High Polymer Fiber Co.,Ltd",0.49,0,3,0,False,2.03,2.05,2.02,2.04,2.03,0.01,1.48,63643.5,12954.587,SH,0.529,0.93,2.03,1.49,2.02,2.51,2.01,1.49
600528,中铁工业,China Railway Hi-tech Industry Corporation Limited,2.14,0,3,0,False,10.23,10.62,10.18,10.51,10.29,0.22,4.28,163093.45,170830.581,SH,0.8875,2.4,10.32,3.85,10.26,3.65,10.19,5.1
600531,豫光金铅,"Henan Yuguang Gold&Lead Co.,Ltd.",2.33,0,2,0,False,4.28,4.4,4.25,4.4,4.3,0.1,3.49,166780.85,72725.634,SH,1.5298,1.9,4.32,1.62,4.31,5.26,4.27,3.29
600533,栖霞建设,"Nanjing Chixia Development Co., Ltd.",1.91,0,2,0,False,3.14,3.22,3.14,3.2,3.14,0.06,2.55,118187.02,37664.679,SH,1.1256,2.19,3.16,1.91,3.15,3.56,3.13,2.89
600548,深高速,Shenzhen Expressway Company Limited,1.41,0,3,0,False,10.63,10.81,10.62,10.81,10.66,0.15,1.78,28126.27,30207.476,SH,0.1962,1.21,10.69,2.85,10.63,4.14,10.54,1.98
600558,大西洋,"Atlantic China Welding Consumables,Inc.",1.3,0,3,0,False,3.08,3.14,3.06,3.12,3.08,0.04,2.6,50557.39,15721.489,SH,0.5632,2.7,3.08,2.97,3.07,1.96,3.05,4.35
600565,迪马股份,"DIMA HOLDINGS Co.,Ltd.",2.94,0,3,2,False,3.08,3.17,3.05,3.15,3.06,0.09,3.92,153847.98,48017.911,SH,0.6495,2.44,3.08,4.3,3.07,3.96,3.06,2.61
600569,安阳钢铁,AnYang Iron & Steel Inc.,10.08,1,3,1,False,2.4,2.62,2.4,2.62,2.38,0.24,9.24,969874.21,248858.276,SH,4.0518,5.53,2.42,16.96,2.35,17.49,2.27,17.49
600575,淮河能源,"Huaihe Energy (Group) Co.,Ltd",0.76,0,3,0,False,2.62,2.67,2.61,2.66,2.64,0.02,2.27,111376.06,29509.651,SH,0.2866,0.99,2.64,2.31,2.63,2.7,2.61,0.76
600580,卧龙电驱,"Wolong Electric Group Co.,Ltd.",2.56,0,3,1,False,9.83,10.22,9.7,10.01,9.76,0.25,5.33,345110.46,343289.474,SH,2.674,1.34,9.72,10.49,9.49,11.72,9.22,15.59
600581,八一钢铁,"Xinjiang Ba Yi Iron & Steel Co.,Ltd.",10.03,1,2,2,False,3.26,3.51,3.24,3.51,3.19,0.32,8.46,742708.46,253901.905,SH,4.8451,2.84,3.26,13.96,3.19,14.33,3.1,17.0
600583,海油工程,"Offshore Oil Engineering Co.,Ltd.",0.76,0,2,0,False,6.58,6.67,6.49,6.64,6.59,0.05,2.73,235358.5,155400.289,SH,0.5323,1.39,6.47,6.58,6.37,5.73,6.29,6.75
600585,海螺水泥,Anhui Conch Cement Company Limited,3.98,0,3,3,False,46.28,47.88,46.28,47.86,46.03,1.83,3.48,410678.33,1947962.993,SH,1.0268,1.75,46.3,7.31,45.67,9.67,44.34,11.8
600586,金晶科技,"Shandong Jinjing Science & Technology Stock Co.,Ltd",0.72,0,3,0,False,2.77,2.8,2.74,2.8,2.78,0.02,2.16,57636.02,15998.763,SH,0.4034,1.4,2.77,2.56,2.76,2.56,2.75,1.82
600593,大连圣亚,"Dalian Sunasia Tourism Holding Co.,Ltd",0.65,0,5,5,False,41.27,41.69,40.92,41.53,41.26,0.27,1.87,9054.2,37414.238,SH,0.703,1.15,41.33,1.57,41.15,2.72,40.78,2.54
600596,新安股份,"Zhejiang Xinan Chemical Industrial Group Co.,Ltd",3.47,0,2,0,False,8.9,9.4,8.87,9.24,8.93,0.31,5.94,136405.89,125915.548,SH,1.9632,3.46,9.01,3.82,8.97,4.64,8.92,2.67
600598,北大荒,Heilongjiang Agriculture Company Limited,0.43,0,2,0,False,9.33,9.41,9.3,9.38,9.34,0.04,1.18,62228.73,58289.896,SH,0.3501,0.81,9.35,-0.85,9.37,1.52,9.31,0.64
600617,国新能源,Shanxi Guoxin Energy Corporation Limited,1.22,0,2,1,False,4.92,4.97,4.9,4.96,4.9,0.06,1.43,10925.17,5413.884,SH,0.1121,1.23,4.92,0.61,4.93,0.81,4.94,-1.2
600618,氯碱化工,"Shanghai Chlor-Alkali Chemical Co.,Ltd",1.62,0,2,0,False,6.8,6.96,6.74,6.91,6.8,0.11,3.24,24007.4,16545.158,SH,0.3202,1.88,6.82,1.92,6.81,2.07,6.85,-1.29
600623,华谊集团,Shanghai Huayi Group Corporation Limited,1.37,0,3,0,False,6.55,6.66,6.54,6.66,6.57,0.09,1.83,46525.37,30825.66,SH,0.2498,1.64,6.58,2.62,6.56,3.74,6.53,1.22
600628,新世界,"Shanghai New World Co.,Ltd.",1.56,0,6,0,False,9.6,9.84,9.51,9.75,9.6,0.15,3.44,33000.48,31965.256,SH,0.5102,1.48,9.61,3.72,9.51,5.41,9.29,10.8
600629,华建集团,Arcplus Group Plc,0.6,0,2,0,False,8.29,8.34,8.22,8.34,8.29,0.05,1.45,5746.4,4769.785,SH,0.1284,0.86,8.3,0.24,8.32,0.0,8.37,-2.11
600651,飞乐音响,"Shanghai Feilo Acoustics Co.,Ltd",2.33,0,2,0,False,4.29,4.54,4.19,4.39,4.29,0.1,8.16,218275.76,94812.43,SH,2.2155,1.07,4.28,2.33,4.21,13.44,4.02,16.76
600653,申华控股,"Shanghai Shenhua Holdings Co., Ltd",1.01,0,2,0,False,1.99,2.01,1.96,2.01,1.99,0.02,2.51,40872.93,8150.006,SH,0.21,1.04,1.99,1.52,1.99,3.08,1.98,0.0
600658,电子城,"Beijing Electronic Zone Investment and Development Group Co. , Ltd.",2.6,0,3,1,False,4.24,4.36,4.21,4.34,4.23,0.11,3.55,31522.87,13569.803,SH,0.2818,2.09,4.26,3.58,4.23,4.83,4.18,5.08
600675,中华企业,China Enterprise Company Limited,1.3,0,6,1,False,4.66,4.69,4.61,4.69,4.63,0.06,1.73,65597.51,30553.27,SH,0.2928,1.48,4.64,3.08,4.6,6.59,4.48,6.59
600678,四川金顶,"Sichuan Golden Summit(Group)Joint-Stock Co.,Ltd",10.0,1,2,0,False,4.6,5.06,4.6,5.06,4.6,0.46,10.0,134251.81,66716.509,SH,3.8469,6.48,4.75,9.76,4.7,10.72,4.65,9.05
600688,上海石化,Sinopec Shanghai Petrochemical Company Limited,3.13,0,6,0,False,3.84,3.96,3.83,3.96,3.84,0.12,3.39,93306.92,36625.803,SH,0.1273,1.62,3.86,5.32,3.82,5.88,3.79,2.59
600691,阳煤化工,"Yangmei Chemical Co.,Ltd",4.88,0,2,2,True,2.06,2.26,2.05,2.15,2.05,0.1,10.24,249767.93,53800.423,SH,1.4221,2.97,2.07,6.44,2.05,9.14,2.01,6.97
600692,亚通股份,"Shanghai Ya Tong Co.,Ltd.",0.5,0,2,0,False,5.99,6.04,5.9,6.03,6.0,0.03,2.33,11805.0,7069.966,SH,0.4629,0.75,6.01,-0.66,6.05,-1.15,6.08,-2.58
600708,光明地产,"Bright Real Estate Group Co.,Limited",2.48,0,2,0,False,3.23,3.35,3.22,3.31,3.23,0.08,4.02,162458.03,53567.866,SH,0.7301,2.74,3.25,2.8,3.25,3.12,3.23,1.85
600714,金瑞矿业,"Qinghai Jinrui Mineral Development Co.,Ltd",2.7,0,3,0,False,5.55,5.75,5.51,5.7,5.55,0.15,4.32,26961.35,15251.467,SH,0.9356,1.32,5.57,7.75,5.46,9.2,5.38,6.34
600723,首商股份,"Beijing Capital Retailing Group Co., Ltd.",1.37,0,2,0,False,5.85,5.95,5.82,5.93,5.85,0.08,2.22,19305.08,11413.447,SH,0.2934,1.6,5.87,1.54,5.86,1.72,5.84,1.72
600730,中国高科,"China Hi-Tech Group Co.,Ltd",0.21,0,3,0,False,4.77,4.78,4.73,4.78,4.77,0.01,1.05,25921.9,12334.409,SH,0.4419,0.86,4.76,1.06,4.75,3.46,4.71,0.21
600733,北汽蓝谷,"BAIC BluePark New Energy Technology Co.,Ltd.",1.87,0,2,0,False,5.34,5.45,5.3,5.44,5.34,0.1,2.81,153465.82,82758.36,SH,0.9101,1.07,5.35,2.64,5.35,0.74,5.3,2.64
600738,兰州民百,"Lanzhou Minbai Shareholding(Group) Co.,Ltd",0.95,0,2,0,False,5.24,5.29,5.2,5.29,5.24,0.05,1.72,21443.01,11278.11,SH,0.5209,0.61,5.25,0.95,5.26,1.73,5.35,-7.68
600739,辽宁成大,"Liaoning Cheng Da Co.,Ltd.",1.04,0,3,0,False,14.34,14.65,14.3,14.55,14.4,0.15,2.43,91529.84,132747.137,SH,0.5983,1.14,14.43,1.75,14.38,4.23,14.12,5.43
600740,山西焦化,"ShanXi Coking Co.,Ltd",7.09,0,2,2,False,7.08,7.55,7.07,7.4,6.91,0.49,6.95,374458.46,275871.751,SH,5.701,3.72,7.0,10.12,6.88,12.8,6.7,13.5
600741,华域汽车,HUAYU Automotive Systems Company Limited,1.66,0,2,0,False,25.88,26.48,25.88,26.31,25.88,0.43,2.32,105932.32,278652.185,SH,0.336,1.11,25.96,2.29,25.98,2.37,25.73,3.99
600743,华远地产,"Hua Yuan Property Co.,Ltd.",1.73,0,3,0,False,2.3,2.38,2.29,2.35,2.31,0.04,3.9,51210.15,12001.701,SH,0.2183,1.34,2.32,3.98,2.3,3.52,2.27,3.98
600744,华银电力,"Datang Huayin Electric Power Co.,Ltd",1.61,0,3,0,False,2.48,2.55,2.46,2.53,2.49,0.04,3.61,65921.0,16611.507,SH,0.7965,1.0,2.5,3.27,2.49,3.69,2.47,2.43
600754,锦江酒店,"Shanghai Jin Jiang International Hotels Co.,Ltd.",0.89,0,2,0,False,23.36,23.83,23.13,23.76,23.55,0.21,2.97,19986.69,47230.864,SH,0.2492,0.63,23.61,0.17,23.62,1.28,23.3,1.71
600758,红阳能源,"Liaoning Hongyang Energy Resource Invest Co.,Ltd",5.35,0,3,0,False,4.26,4.57,4.26,4.53,4.3,0.23,7.21,332837.37,148834.344,SH,4.2362,2.49,4.33,10.49,4.25,11.3,4.16,11.58
600777,新潮能源,Shandong Xinchao Energy Corporation Limited,3.41,0,3,0,False,2.05,2.12,2.04,2.12,2.05,0.07,3.9,713618.92,149135.785,SH,1.7615,2.29,2.07,4.95,2.05,3.92,2.05,3.41
600782,新钢股份,"Xinyu Iron & Steel Co.,Ltd",5.44,0,2,1,False,4.85,5.11,4.85,5.04,4.78,0.26,5.44,1324722.2,660705.323,SH,4.1544,2.91,4.83,7.92,4.77,9.33,4.65,11.01
600791,京能置业,"Beh-Property Co.,Ltd",0.85,0,3,0,False,3.48,3.57,3.47,3.54,3.51,0.03,2.85,23943.4,8435.559,SH,0.5294,0.9,3.51,3.21,3.48,4.12,3.42,5.36
600792,云煤能源,"Yunnan Coal & Energy Co.,Ltd.",7.49,0,2,1,False,3.35,3.62,3.35,3.59,3.34,0.25,8.08,290283.58,102256.68,SH,2.9324,3.25,3.4,8.79,3.33,15.06,3.23,14.7
600794,保税科技,"Zhangjiagang Freetrade Science & Technology Group Co., Ltd.",0.27,0,2,2,False,3.8,3.8,3.71,3.78,3.77,0.01,2.39,82135.0,30849.65,SH,0.6776,0.63,3.77,0.53,3.78,-1.05,3.82,-5.26
600795,国电电力,"GD Power Development Co.,Ltd.",1.79,0,3,0,False,2.23,2.27,2.22,2.27,2.23,0.04,2.24,495510.43,111765.266,SH,0.2522,1.31,2.24,2.71,2.24,0.89,2.24,-1.3
600801,华新水泥,"Huaxin Cement Co.,Ltd.",10.0,1,3,6,False,20.71,22.44,20.69,22.44,20.4,2.04,8.58,630841.9,1371338.107,SH,4.6321,3.3,21.01,11.42,20.7,14.9,20.14,14.67
600803,新奥股份,"ENN Ecological Holdings Co.,Ltd",2.99,0,2,2,False,10.11,10.43,10.09,10.34,10.04,0.3,3.39,157722.01,162669.468,SH,1.283,2.3,10.07,4.97,10.02,4.02,10.01,3.92
600808,马钢股份,Maanshan Iron & Steel Company Limited,3.35,0,3,1,False,2.7,2.84,2.7,2.78,2.69,0.09,5.2,798982.06,221779.894,SH,1.3388,3.18,2.71,7.34,2.66,7.75,2.61,8.17
600810,神马股份,"ShenMa Industry Co.,Ltd",4.4,0,2,0,False,7.27,7.69,7.21,7.59,7.27,0.32,6.6,123021.91,92189.398,SH,2.1396,3.12,7.35,5.12,7.32,4.26,7.29,5.27
600820,隧道股份,"Shanghai Tunnel Engineering Co.,Ltd.",1.38,0,2,0,False,5.76,5.87,5.75,5.86,5.78,0.08,2.08,98517.06,57517.861,SH,0.3133,1.37,5.79,2.09,5.78,1.91,5.79,0.51
600825,新华传媒,"Shanghai Xinhua Media Co., Ltd.",0.99,0,3,0,False,5.01,5.1,4.96,5.1,5.05,0.05,2.77,76603.17,38557.443,SH,0.7331,0.89,5.04,2.62,5.02,4.51,4.96,3.87
600837,海通证券,"Haitong Securities Co., Ltd.",0.51,0,2,0,False,13.85,13.94,13.7,13.93,13.86,0.07,1.73,317830.21,439854.297,SH,0.3928,0.78,13.88,0.58,13.92,-0.14,13.92,0.22
600848,上海临港,"Shanghai Lingang Holdings Co.,Ltd.",1.23,0,2,0,False,24.45,24.77,24.04,24.77,24.47,0.3,2.98,34728.89,85298.707,SH,0.4407,1.15,24.55,0.36,24.6,1.35,24.67,-0.88
600853,龙建股份,"Longjian Road&Bridge Co.,Ltd",0.98,0,2,0,False,3.05,3.11,3.04,3.1,3.07,0.03,2.28,41555.91,12845.281,SH,0.5955,1.14,3.08,0.65,3.08,0.65,3.11,1.31
600858,银座股份,"Inzone Group Co.,Ltd",0.2,0,3,2,False,4.91,4.91,4.86,4.9,4.89,0.01,1.02,21629.0,10575.675,SH,0.4179,0.87,4.88,1.03,4.88,0.41,4.83,4.7
600868,梅雁吉祥,"Guangdong Meiyan Jixiang Hydropower Co.,Ltd.",0.59,0,3,2,False,3.41,3.41,3.35,3.41,3.39,0.02,1.77,165344.52,56109.602,SH,0.8711,1.3,3.39,3.33,3.36,3.65,3.33,2.71
600871,石化油服,Sinopec Oilfield Service Corporation,1.38,0,3,0,False,2.17,2.21,2.16,2.21,2.18,0.03,2.29,173027.31,37960.254,SH,0.1437,2.42,2.19,2.79,2.17,3.76,2.15,2.79
600875,东方电气,Dongfang Electric Corporation Limited,1.37,0,3,0,False,8.76,8.88,8.64,8.88,8.76,0.12,2.74,71806.88,63286.94,SH,0.3596,1.4,8.77,3.14,8.73,3.14,8.67,1.6
600879,航天电子,"China Aerospace Times Electronics Co.,Ltd.",0.86,0,3,0,False,5.81,5.88,5.75,5.87,5.82,0.05,2.23,118548.43,69028.551,SH,0.4903,1.08,5.83,1.73,5.81,2.8,5.75,1.56
600886,国投电力,"SDIC Power Holdings Co.,Ltd.",1.66,0,3,4,False,8.44,8.6,8.37,8.57,8.43,0.14,2.73,218665.98,185794.629,SH,0.3222,0.84,8.46,6.59,8.34,3.63,8.39,-0.58
600890,中房股份,"CRED Holding Co.,Ltd",2.89,0,3,0,False,6.2,6.48,6.12,6.41,6.23,0.18,5.78,35477.56,22401.256,SH,0.6125,0.91,6.27,4.4,6.24,4.23,6.04,18.48
600894,广日股份,"Guangzhou Guangri Stock Co., Ltd.",0.69,0,2,0,False,7.19,7.26,7.12,7.25,7.2,0.05,1.94,44586.64,32079.038,SH,0.5185,1.2,7.19,1.26,7.2,1.83,7.18,1.83
600928,西安银行,"Bank of Xi'an Co.,Ltd.",1.02,0,2,2,False,6.87,6.94,6.84,6.93,6.86,0.07,1.46,127178.36,87649.451,SH,2.8615,1.12,6.86,1.61,6.82,4.21,6.74,4.05
600939,重庆建工,"Chongqing Construction Engineering Group Co.,Ltd",1.1,0,3,3,False,4.55,4.59,4.5,4.58,4.53,0.05,1.99,32557.39,14819.892,SH,0.7949,1.68,4.54,1.78,4.53,2.0,4.52,1.55
600958,东方证券,Orient Securities Company Limited,0.21,0,2,0,False,9.68,9.74,9.58,9.7,9.68,0.02,1.65,75027.04,72520.95,SH,0.1322,0.99,9.68,0.21,9.71,0.41,9.71,-2.22
600968,海油发展,Cnooc Energy Technology & Services Limited,3.57,0,3,1,False,2.81,2.92,2.8,2.9,2.8,0.1,4.29,838836.5,241318.263,SH,4.4975,2.71,2.82,5.07,2.81,5.45,2.78,3.94
600970,中材国际,"Sinoma International Engineering Co.,Ltd",4.66,0,2,2,False,6.03,6.29,5.99,6.29,6.01,0.28,4.99,345270.89,214367.262,SH,1.9877,4.5,6.1,4.66,6.08,5.01,6.07,4.14
600971,恒源煤电,"Anhui Hengyuan Coal Industry and Electricity Power Co.,Ltd",4.34,0,6,0,False,5.51,5.82,5.51,5.77,5.53,0.24,5.61,195518.79,112061.27,SH,1.6293,3.16,5.6,7.85,5.49,9.28,5.39,9.07
600979,广安爱众,"Sichuan Guangan AAA Public Co., Ltd",1.71,0,3,1,False,4.11,4.3,4.07,4.17,4.1,0.07,5.61,54125.39,22676.436,SH,0.571,5.12,4.11,2.96,4.09,3.99,4.05,3.73
600983,惠而浦,"Whirlpool (China) Co., Ltd.",0.21,0,2,0,False,4.82,4.84,4.79,4.83,4.82,0.01,1.04,7008.4,3373.812,SH,0.1315,0.88,4.81,0.63,4.81,0.21,4.83,-1.63
600985,淮北矿业,"Huaibei Mining Holdings Co.,Ltd.",6.48,0,2,1,False,9.19,9.78,9.19,9.7,9.11,0.59,6.48,109378.74,104398.982,SH,1.9788,3.76,9.28,6.95,9.2,7.54,9.13,7.42
600989,宝丰能源,"Ningxia Baofeng Energy Group Co., Ltd.",0.85,0,2,4,False,9.42,9.55,9.42,9.47,9.39,0.08,1.38,142556.1,135302.084,SH,1.9439,0.65,9.39,0.42,9.42,3.05,9.17,4.99
600995,文山电力,"Yunnan Wenshan Electric Power Co.,Ltd.",2.55,0,2,1,False,7.48,7.65,7.47,7.63,7.44,0.19,2.42,102695.01,77807.385,SH,2.1461,3.44,7.49,2.42,7.48,3.81,7.45,3.25
600997,开滦股份,"Kailuan Energy Chemical Co.,Ltd.",5.05,0,2,1,False,5.32,5.49,5.32,5.41,5.15,0.26,3.3,338032.37,182433.524,SH,2.7379,4.0,5.22,5.66,5.17,7.77,5.11,6.71
600998,九州通,"Jointown Pharmaceutical Group Co., Ltd",0.38,0,2,0,False,13.17,13.25,13.01,13.22,13.17,0.05,1.82,64658.19,84668.107,SH,0.3864,0.77,13.13,1.77,13.16,0.38,13.17,0.61
601000,唐山港,"Tangshan Port Group Co.,Ltd.",1.17,0,2,0,False,2.56,2.6,2.55,2.6,2.57,0.03,1.95,271929.9,70292.642,SH,0.4879,2.06,2.58,1.17,2.58,2.77,2.56,1.96
601001,大同煤业,"Datong Coal Industry Co., Ltd",3.55,0,2,0,False,4.22,4.39,4.22,4.37,4.22,0.15,4.03,255609.15,110675.314,SH,1.5272,4.22,4.25,4.3,4.22,6.07,4.17,6.33
601003,柳钢股份,"Liuzhou Iron & Steel Co.,Ltd.",10.08,1,2,2,False,5.22,5.68,5.2,5.68,5.16,0.52,9.3,607020.35,339029.937,SH,2.3686,5.27,5.24,16.39,5.09,17.6,4.92,20.85
601005,重庆钢铁,Chongqing Iron & Steel Company Limited,2.76,0,3,0,False,1.81,1.9,1.8,1.86,1.81,0.05,5.52,322028.57,59813.922,SH,0.3843,2.0,1.82,3.91,1.81,6.9,1.76,6.9
601006,大秦铁路,"Daqin Railway Co., Ltd.",0.89,0,6,0,False,7.85,7.93,7.83,7.92,7.85,0.07,1.27,239643.8,189445.756,SH,0.1612,1.09,7.87,1.8,7.83,2.59,7.75,3.39
601008,连云港,"Jiangsu Lianyungang Port Co.,Ltd.",2.16,0,2,0,False,3.71,3.79,3.66,3.79,3.71,0.08,3.5,88668.71,33200.729,SH,0.8734,1.67,3.72,1.61,3.72,3.55,3.72,1.07
601015,陕西黑猫,"Shaanxi Heimao Coking Co., Ltd.",4.49,0,2,1,False,3.15,3.28,3.14,3.26,3.12,0.14,4.49,306783.85,99159.981,SH,2.1031,3.02,3.15,6.54,3.1,9.03,3.05,6.54
601018,宁波港,Ningbo Zhoushan Port Company Limited,1.96,0,2,0,False,3.55,3.64,3.54,3.64,3.57,0.07,2.8,162889.99,58696.262,SH,0.1273,1.68,3.59,1.96,3.59,1.96,3.6,-0.27
601021,春秋航空,"Spring Airlines Co., Ltd.",0.77,0,2,2,False,41.6,41.99,41.21,41.84,41.52,0.32,1.88,28155.22,117498.902,SH,0.3072,0.75,41.52,0.17,41.71,-1.97,42.08,-2.95
601028,玉龙股份,"Jiangsu Yulong Steel Pipe Co., Ltd.",0.78,0,2,0,False,5.1,5.21,5.08,5.15,5.11,0.04,2.54,29290.4,15094.805,SH,0.3741,2.15,5.11,0.78,5.12,1.98,5.1,0.78
601066,中信建投,"China Securities Co.,Ltd.",1.72,0,2,1,False,22.71,23.07,22.39,23.07,22.68,0.39,3.0,399460.25,914244.783,SH,4.6214,1.4,22.72,2.12,22.72,2.95,22.56,3.64
601068,中铝国际,China Aluminum International Engineering Corporation Limited,2.5,0,2,0,False,5.19,5.37,5.16,5.33,5.2,0.13,4.04,100716.0,53325.596,SH,3.4036,2.08,5.22,1.91,5.22,4.1,5.19,4.31
601088,中国神华,China Shenhua Energy Company Limited,2.89,0,2,0,False,17.28,18.09,17.26,17.8,17.3,0.5,4.8,1015408.6,1809008.794,SH,0.6157,3.38,17.43,3.31,17.36,3.73,17.32,0.96
601101,昊华能源,"Beijing Haohua Energy Resource Co.,Ltd.",4.58,0,2,1,False,5.26,5.51,5.25,5.48,5.24,0.24,4.96,99960.59,54221.389,SH,0.833,4.39,5.3,4.98,5.27,6.0,5.23,4.58
601116,三江购物,"Sanjiang Shopping Club Co.,Ltd",2.06,0,2,3,False,13.68,13.92,13.56,13.9,13.62,0.28,2.64,36553.35,50393.319,SH,0.8899,1.39,13.68,2.43,13.67,3.12,13.74,-3.67
601126,四方股份,"Beijing Sifang Automation Co.,Ltd",0.56,0,2,0,False,5.29,5.35,5.26,5.34,5.31,0.03,1.69,15636.8,8310.992,SH,0.1966,1.19,5.32,0.0,5.32,1.52,5.31,-2.2
601137,博威合金,Ningbo Boway Alloy Material Company Limited,1.31,0,2,2,False,9.96,10.17,9.92,10.05,9.92,0.13,2.52,37421.85,37550.689,SH,0.609,0.66,9.96,0.9,10.01,-0.4,9.9,2.45
601179,中国西电,"China XD Electric Co.,Ltd",0.86,0,3,0,False,3.47,3.51,3.44,3.51,3.48,0.03,2.01,71180.53,24850.283,SH,0.1389,1.17,3.47,3.54,3.45,3.54,3.42,2.93
601186,中国铁建,China Railway Construction Corporation Limited,3.85,0,2,1,False,9.37,9.75,9.35,9.72,9.36,0.36,4.27,900262.33,866029.996,SH,0.7826,2.35,9.44,4.29,9.41,3.18,9.44,3.96
601212,白银有色,"Baiyin Nonferrous Group Co., Ltd.",2.66,0,2,0,False,3.36,3.55,3.32,3.47,3.38,0.09,6.8,312635.2,107816.198,SH,1.5913,2.22,3.4,1.46,3.39,4.52,3.38,5.79
601226,华电重工,"Huadian Heavy Industries Co., Ltd.",1.75,0,2,1,False,4.0,4.07,3.96,4.06,3.99,0.07,2.76,20923.5,8425.311,SH,0.1812,1.71,4.01,1.25,4.01,2.53,3.99,3.05
601229,上海银行,"Bank of Shanghai Co., Ltd.",0.65,0,3,0,False,9.24,9.32,9.22,9.3,9.24,0.06,1.08,248093.88,230617.781,SH,0.1871,0.85,9.24,1.97,9.21,0.98,9.19,0.43
601233,桐昆股份,"Tongkun Group Co.,Ltd",0.54,0,2,0,False,12.98,13.22,12.79,13.05,12.98,0.07,3.31,208827.01,271548.049,SH,1.1301,1.55,12.99,-0.31,13.06,2.27,12.99,-0.99
601236,红塔证券,"HONGTA SECURITIES CO.,LTD.",3.63,0,3,0,False,14.6,15.25,14.3,15.15,14.62,0.53,6.5,698904.58,1030286.248,SH,19.2007,1.71,14.64,8.76,14.39,11.15,13.97,13.57
601238,广汽集团,"Guangzhou Automobile Group Co., Ltd",3.12,0,2,1,False,11.26,11.77,11.18,11.58,11.23,0.35,5.25,159074.89,183741.011,SH,0.2614,2.03,11.34,2.93,11.34,4.04,11.23,0.7
601288,农业银行,Agricultural Bank of China Limited,1.11,0,3,2,False,3.61,3.65,3.6,3.64,3.6,0.04,1.39,1948106.21,708803.374,SH,0.0662,1.19,3.61,1.68,3.6,1.39,3.59,2.54
601311,骆驼股份,"Camel Group Co.,Ltd.",0.67,0,2,0,False,8.95,9.05,8.87,9.03,8.97,0.06,2.01,58751.03,52873.383,SH,0.6801,1.25,8.98,0.22,9.0,1.69,8.96,-0.99
601328,交通银行,"Bank of Communications Co.,Ltd.",1.27,0,2,2,False,5.52,5.58,5.51,5.57,5.5,0.07,1.27,716872.47,398758.337,SH,0.1826,1.21,5.52,1.27,5.52,0.54,5.53,-0.54
601333,广深铁路,Guangshen Railway Company Limited,1.35,0,3,0,False,2.95,3.01,2.95,3.0,2.96,0.04,2.03,224736.47,67078.355,SH,0.3976,1.6,2.97,2.04,2.96,2.04,2.97,-0.33
601390,中国中铁,China Railway Group Limited,3.92,0,3,0,False,5.59,5.85,5.58,5.83,5.61,0.22,4.81,1086287.93,627339.405,SH,0.5829,3.52,5.65,5.81,5.61,5.62,5.59,3.19
601567,三星医疗,"Ningbo Sanxing Medical Electric Co. , Ltd.",0.6,0,3,2,False,6.77,6.87,6.59,6.7,6.66,0.04,4.2,93775.75,62785.886,SH,0.6763,1.7,6.64,3.24,6.59,5.18,6.49,5.02
601599,鹿港文化,"Jiangsu Lugang Culture Co., Ltd",10.06,1,2,1,False,3.5,3.5,3.5,3.5,3.18,0.32,0.0,82731.22,28955.927,SH,0.9267,0.3,3.26,13.27,3.21,21.53,3.02,23.67
601600,中国铝业,Aluminum Corporation of China Limited,3.01,0,2,0,False,3.32,3.43,3.31,3.42,3.32,0.1,3.61,669163.46,226764.265,SH,0.6106,2.46,3.35,3.32,3.34,3.32,3.34,2.09
601608,中信重工,"CITIC Heavy Industries Co., Ltd",1.1,0,3,0,False,3.63,3.69,3.56,3.67,3.63,0.04,3.58,128721.66,46842.301,SH,0.2966,1.24,3.63,3.09,3.61,2.23,3.56,5.46
601611,中国核建,China Nuclear Engineering & Construction Corporation Limited,1.76,0,2,0,False,6.78,7.03,6.76,6.93,6.81,0.12,3.96,107372.0,74531.426,SH,0.409,2.65,6.83,1.91,6.82,3.28,6.8,2.06
601618,中国中冶,Metallurgical Corporation of China Ltd.,3.41,0,3,0,False,2.63,2.75,2.63,2.73,2.64,0.09,4.55,725553.17,195991.035,SH,0.4064,2.42,2.66,5.81,2.63,5.41,2.62,2.63
601666,平煤股份,"Pingdingshan Tianan Coal. Mining Co.,Ltd.",3.94,0,2,1,False,3.82,3.97,3.82,3.96,3.81,0.15,3.94,424517.19,166685.494,SH,1.7979,4.83,3.85,5.04,3.81,5.88,3.78,6.17
601668,中国建筑,China State Construction Engineering Corporation Limited,3.55,0,2,2,False,5.08,5.27,5.07,5.25,5.07,0.18,3.94,3215611.97,1676660.447,SH,0.7816,2.76,5.11,4.79,5.07,5.21,5.04,4.37
601669,中国电建,"Power Construction Corporation of China,Ltd",3.18,0,2,0,False,4.08,4.27,4.08,4.22,4.09,0.13,4.65,1049729.97,438535.319,SH,0.9419,3.04,4.11,3.94,4.11,2.68,4.15,-2.09
601678,滨化股份,"Befar Group Co., Ltd",0.64,0,2,0,False,4.65,4.73,4.62,4.73,4.7,0.03,2.34,75153.56,35241.065,SH,0.4866,1.14,4.68,1.5,4.68,1.28,4.71,0.0
601699,潞安环能,"Shanxi Lu’an Environmental EnergyDev. Co.,Ltd",3.31,0,6,2,False,6.98,7.21,6.96,7.17,6.94,0.23,3.6,315072.62,224771.376,SH,1.0533,2.62,6.98,5.13,6.89,7.82,6.75,8.14
601718,际华集团,Jihua Group Corporation Limited,0.95,0,2,0,False,3.16,3.21,3.13,3.2,3.17,0.03,2.52,167064.96,52891.477,SH,0.3804,1.38,3.16,3.23,3.14,3.9,3.14,0.63
601727,上海电气,Shanghai Electric Group Company Limited,1.29,0,2,0,False,4.66,4.75,4.64,4.72,4.66,0.06,2.36,116083.01,54625.963,SH,0.1129,1.37,4.67,1.72,4.67,1.94,4.69,-2.48
601766,中国中车,CRRC Corporation Limited,1.88,0,2,2,False,6.92,7.1,6.91,7.04,6.91,0.13,2.75,584353.46,410709.052,SH,0.255,1.98,6.94,2.33,6.93,2.33,6.94,-1.12
601800,中国交建,China Communications Construction Company Limited,6.44,0,3,0,False,8.68,9.37,8.67,9.26,8.7,0.56,8.05,1171228.52,1063995.044,SH,0.997,3.39,8.79,10.63,8.66,9.33,8.62,4.99
601808,中海油服,China Oilfield Services Limited,1.38,0,2,0,False,16.65,17.0,16.26,16.88,16.65,0.23,4.44,124742.81,208113.68,SH,0.4214,0.85,16.5,3.81,16.34,6.84,15.76,12.68
601865,福莱特,"Flat Glass Group Co., Ltd",4.4,0,2,1,False,10.06,10.36,9.86,10.2,9.77,0.43,5.12,388879.99,392980.947,SH,25.9253,5.33,9.62,13.59,9.37,14.61,9.15,13.97
601866,中远海发,Cosco Shipping Development Company Limited,1.21,0,3,0,False,2.47,2.52,2.47,2.51,2.48,0.03,2.02,125631.01,31415.041,SH,0.1584,1.52,2.49,2.03,2.48,2.45,2.48,2.03
601869,长飞光纤,Yangtze Optical Fibre and Cable Joint Stock Limited Company,0.63,0,2,1,False,31.9,32.29,31.8,32.05,31.85,0.2,1.54,8560.34,27384.006,SH,0.8032,0.96,31.87,0.47,31.94,1.26,31.82,0.12
601877,正泰电器,"Zhejiang Chint Electrics Co.,Ltd.",0.86,0,2,0,False,23.26,23.55,23.01,23.49,23.29,0.2,2.32,115028.19,267592.777,SH,0.6501,1.48,23.28,0.51,23.37,0.21,23.31,0.0
601882,海天精工,"Ningbo Haitian Precision Machinery Co., Ltd.",0.14,0,3,2,False,7.16,7.17,6.94,7.14,7.13,0.01,3.23,9288.56,6547.963,SH,0.1779,1.05,7.09,2.88,7.05,3.48,7.07,-0.83
601899,紫金矿业,Zijin Mining Group Company Limited,4.14,0,3,1,False,3.67,3.8,3.63,3.77,3.62,0.15,4.7,2984474.99,1111055.352,SH,1.5527,1.65,3.64,9.59,3.57,9.59,3.56,8.65
601933,永辉超市,"Yonghui Superstores Co., Ltd.",1.05,0,2,0,False,7.59,7.68,7.5,7.67,7.59,0.08,2.37,473185.01,359819.778,SH,0.4999,1.68,7.6,1.46,7.61,-0.26,7.66,-1.92
601939,建设银行,China Construction Bank Corporation,0.98,0,3,2,False,7.15,7.22,7.13,7.21,7.14,0.07,1.26,383658.93,276160.413,SH,0.3999,0.68,7.16,1.41,7.16,0.56,7.17,-0.14
601965,中国汽研,"China Automotive Engineering Research Institute Co., Ltd",0.28,0,2,0,False,7.03,7.11,7.01,7.07,7.05,0.02,1.42,15123.23,10682.889,SH,0.1573,0.6,7.05,-1.26,7.08,0.71,7.08,-0.7
601985,中国核电,"China National Nuclear Power Co., Ltd",1.46,0,3,0,False,4.8,4.93,4.8,4.87,4.8,0.07,2.71,320510.13,156217.144,SH,0.2059,2.62,4.81,2.31,4.8,2.53,4.79,-0.61
601991,大唐发电,"Datang International Power Generation Co.,Ltd.",2.89,0,2,0,False,2.42,2.5,2.41,2.49,2.42,0.07,3.72,151710.12,37431.853,SH,0.1518,1.87,2.44,3.75,2.42,3.75,2.41,2.89
601992,金隅集团,BBMG Corporation,4.06,0,3,0,False,3.19,3.33,3.19,3.33,3.2,0.13,4.38,548325.55,180042.766,SH,0.6579,2.85,3.24,5.05,3.22,6.05,3.2,4.72
603018,中设集团,"China Design Group Co.,Ltd.",2.5,0,2,0,False,10.02,10.28,9.97,10.27,10.02,0.25,3.09,48865.63,49805.663,SH,1.0624,2.45,10.1,2.29,10.1,2.91,10.06,3.11
603040,新坐标,"Hangzhou XZB Tech Co.,Ltd",2.5,0,3,0,False,32.3,33.89,32.17,33.67,32.85,0.82,5.24,14108.94,47179.88,SH,4.3785,1.72,32.97,6.08,32.63,5.71,32.94,1.85
603067,振华股份,"Hubei Zhenhua Chemical Co.,Ltd",1.08,0,2,0,False,5.53,5.6,5.5,5.6,5.54,0.06,1.81,15253.2,8482.094,SH,0.3537,1.33,5.56,1.08,5.56,1.82,5.54,0.36
603069,海汽集团,"Hainan Haiqi Transportation Group Co.,Ltd.",0.25,0,4,0,False,7.87,8.09,7.63,7.89,7.87,0.02,5.84,67421.02,52781.485,SH,2.1336,1.49,7.73,7.2,7.55,9.28,7.38,11.76
603077,和邦生物,"Sichuanhebang Biotechnology Co.,Ltd.",2.03,0,2,0,False,1.47,1.53,1.46,1.51,1.48,0.03,4.73,1018912.01,152683.309,SH,1.1538,2.24,1.48,2.72,1.48,2.03,1.48,1.34
603101,汇嘉时代,"Xinjiang Wuika Times Department Store Co.,Ltd.",5.97,0,6,2,False,7.28,7.82,7.19,7.63,7.2,0.43,8.75,95928.42,72108.305,SH,2.855,3.16,7.3,9.94,7.15,13.88,6.97,18.85
603123,翠微股份,"Beijing Cuiwei Tower Co., Ltd.",10.0,2,2,2,False,8.58,8.58,8.46,8.58,7.8,0.78,1.54,467827.35,401255.99,SH,8.9255,13.03,7.82,29.22,7.34,28.25,6.99,29.41
603157,拉夏贝尔,"Shanghai La Chapelle Fashion Co., Ltd.",9.91,1,3,1,False,4.38,4.77,4.33,4.77,4.34,0.43,10.14,52639.44,24546.158,SH,3.6103,1.65,4.48,11.45,4.4,14.11,4.3,14.11
603169,兰石重装,"Lanzhou LS Heavy Equipment Co., Ltd",3.83,0,3,2,False,5.5,5.87,5.47,5.69,5.48,0.21,7.3,202854.06,115528.672,SH,1.9436,3.16,5.54,4.4,5.52,5.76,5.45,6.36
603200,上海洗霸,"Shanghai Emperor of Cleaning Hi-Tech Co., Ltd",1.59,0,2,0,False,18.9,19.38,18.8,19.22,18.92,0.3,3.07,10640.92,20359.667,SH,3.0551,1.09,18.98,1.0,19.06,2.07,18.96,-0.57
603217,元利科技,"Shandong Yuanli Science and Technology Co., Ltd.",0.55,0,2,0,False,45.87,46.3,45.37,46.12,45.87,0.25,2.03,6783.04,31144.473,SH,2.9802,0.89,45.93,-0.07,46.19,-2.06,46.19,-0.02
603227,雪峰科技,"Xinjiang Xuefeng Sci-Tech (Group) Co.,Ltd",3.23,0,3,0,False,4.32,4.51,4.25,4.47,4.33,0.14,6.0,172532.64,76003.196,SH,2.6193,2.06,4.36,5.18,4.33,4.2,4.25,8.23
603239,浙江仙通,"Zhejiang Xiantong Rubber&Plastic Co.,Ltd",3.21,0,2,0,False,9.64,9.97,9.61,9.97,9.66,0.31,3.73,53724.4,52740.835,SH,5.922,3.79,9.75,2.89,9.74,2.47,9.82,2.26
603268,松发股份,"Guangdong Songfa Ceramics Co., Ltd.",0.39,0,6,1,False,15.65,15.65,15.42,15.63,15.57,0.06,1.48,3107.0,4828.303,SH,0.2502,0.73,15.57,1.96,15.47,3.72,15.32,3.72
603278,大业股份,"Shandong Daye Co., Ltd.",3.5,0,2,0,False,8.55,8.88,8.55,8.88,8.58,0.3,3.85,19124.02,16777.16,SH,1.5953,2.08,8.64,4.35,8.61,4.59,8.66,-5.13
603311,金海环境,"Zhejiang Goldensea Environment Technology Co.,Ltd",5.41,0,2,1,False,10.44,10.96,10.44,10.91,10.35,0.56,5.02,43150.22,46256.033,SH,2.0548,2.38,10.5,4.5,10.47,9.87,10.23,7.7
603356,华菱精工,"Xuancheng Valin Precision Technology Co.,Ltd.",0.35,0,2,3,False,11.68,11.68,11.38,11.62,11.58,0.04,2.59,7251.0,8381.025,SH,0.8035,0.94,11.59,0.26,11.61,0.17,11.68,-2.6
603357,设计总院,"Anhui Transport Consulting & Design Institute Co.,Ltd.",2.79,0,2,0,False,10.38,10.92,10.31,10.68,10.39,0.29,5.87,76054.85,81234.469,SH,3.4237,1.94,10.41,5.01,10.35,6.48,10.25,6.69
603358,华达科技,"Huada Automotive Technology Corp.,Ltd",1.55,0,2,0,False,12.84,13.11,12.5,13.1,12.9,0.2,4.73,6953.52,8971.468,SH,0.505,1.58,12.94,1.31,12.92,2.26,12.91,-0.08
603378,亚士创能,"Asia Cuanon Technology (ShangHai) Co.,Ltd.",3.45,0,3,0,False,19.01,19.83,18.82,19.79,19.13,0.66,5.28,30794.07,60193.676,SH,4.4642,0.99,19.31,5.83,19.12,5.6,18.35,23.23
603399,吉翔股份,"JINZHOU JIXIANG MOLYBDENUM CO.,LTD.",2.6,0,2,0,False,10.75,11.08,10.68,11.04,10.76,0.28,3.72,61365.0,67093.712,SH,1.2079,1.47,10.82,3.66,10.76,2.32,10.67,2.99
603458,勘设股份,"Guizhou Transportation Planning Survey&Design Academe Co.,Ltd.",0.54,0,3,0,False,18.38,18.68,18.28,18.51,18.41,0.1,2.17,15022.18,27809.66,SH,1.2143,1.66,18.42,1.04,18.43,0.98,18.43,0.71
603488,展鹏科技,"Flying Technology Co.,Ltd.",0.12,0,3,1,False,8.09,8.1,7.93,8.08,8.07,0.01,2.11,8620.0,6910.162,SH,0.8908,0.99,8.06,0.75,8.06,1.51,8.08,-0.74
603527,众源新材,"Anhui Zhongyuan New Materials Co.,Ltd.",1.41,0,2,2,False,9.96,10.11,9.89,10.06,9.92,0.14,2.22,8608.6,8625.762,SH,0.8006,1.54,9.94,1.93,9.94,2.97,9.9,1.11
603555,贵人鸟,"Guirenniao Co.,Ltd.",10.12,3,5,3,False,4.68,4.68,4.5,4.68,4.25,0.43,4.24,197820.36,92096.045,SH,3.147,2.69,4.26,33.33,3.95,38.87,3.7,36.84
603599,广信股份,"Anhui Guangxin Agrochemical Co., Ltd.",1.92,0,2,1,False,13.65,13.86,13.42,13.79,13.53,0.26,3.25,25276.86,34411.033,SH,0.544,1.1,13.6,1.4,13.62,2.15,13.45,2.91
603601,再升科技,"Chongqing Zaisheng Technology Co., Ltd",0.6,0,2,0,False,6.64,6.74,6.61,6.74,6.7,0.04,1.94,19296.4,12921.654,SH,0.2746,0.82,6.69,0.3,6.69,2.12,6.6,5.64
603603,博天环境,"Poten Environment Group Co., Ltd.",4.49,0,2,2,False,8.92,9.48,8.81,9.31,8.91,0.4,7.52,80483.79,74022.581,SH,3.4273,1.7,9.04,3.44,9.01,4.96,8.94,4.96
603615,茶花股份,"Chahua Modern Housewares Co.,Ltd.",0.87,0,3,2,False,9.22,9.37,9.11,9.25,9.17,0.08,2.84,16398.37,15081.624,SH,2.1905,1.38,9.18,1.54,9.18,0.65,9.24,-1.6
603633,徕木股份,"Shanghai Laimu Electronics Co.,Ltd",3.51,0,8,1,False,8.83,9.15,8.73,9.13,8.82,0.31,4.76,43649.28,39485.92,SH,2.1461,2.1,8.91,6.29,8.76,8.05,8.49,12.72
603659,璞泰来,"Shanghai Putailai New Energy Technology Co.,Ltd.",2.58,0,6,2,False,70.0,73.65,68.87,70.49,68.72,1.77,6.96,47031.93,334282.819,SH,2.4354,1.23,68.71,9.95,66.87,20.25,61.94,23.02
603685,晨丰科技,"Zhejiang Chenfeng Technology Co., Ltd.",3.35,0,2,2,False,11.68,12.11,11.51,12.04,11.65,0.39,5.15,25899.4,30827.948,SH,4.5074,3.44,11.73,4.6,11.65,4.6,11.53,4.88
603727,博迈科,Bomesc Offshore Engineering Company Limited,2.27,0,3,5,False,15.9,16.57,15.7,16.19,15.83,0.36,5.5,27308.71,44469.394,SH,1.1663,2.31,15.67,9.1,15.34,11.42,15.12,6.23
603730,岱美股份,"Shanghai Daimay Automotive Interior Co., Ltd",2.67,0,2,0,False,26.21,26.95,25.92,26.91,26.21,0.7,3.93,8723.0,23166.448,SH,1.1975,0.92,26.43,2.24,26.49,-1.14,27.0,0.3
603798,康普顿,Qingdao Copton Technology Company Limited,0.45,0,2,0,False,11.1,11.3,11.03,11.25,11.2,0.05,2.41,4903.0,5492.335,SH,0.2452,0.56,11.18,0.63,11.18,0.9,11.1,3.4
603799,华友钴业,"Zhejiang Huayou Cobalt Co., Ltd",0.83,0,2,3,False,27.9,28.63,27.5,28.02,27.79,0.23,4.07,375314.92,1054066.513,SH,3.5213,0.88,27.77,0.79,27.68,12.85,26.44,9.07
603809,豪能股份,"Chengdu Haoneng Technology Co., Ltd.",0.56,0,2,0,False,8.97,9.05,8.92,9.02,8.97,0.05,1.45,6790.24,6106.146,SH,0.5901,0.94,8.97,0.56,8.99,0.67,8.98,0.33
603815,交建股份,"Anhui Gourgen Traffic Construction Co.,Ltd.",3.86,0,3,0,False,21.13,23.4,20.7,22.59,21.75,0.84,12.41,274065.51,611762.973,SH,54.9229,1.2,21.68,15.73,20.98,13.63,20.83,17.47
603823,百合花,"Lily Group Co.,Ltd.",1.41,0,4,0,False,23.35,23.88,23.35,23.68,23.35,0.33,2.27,23249.15,54878.111,SH,3.3051,1.36,23.1,10.19,22.39,11.75,21.96,4.87
603843,正平股份,"Zhengping Road & Bridge Construction Co., Ltd.",2.94,0,3,0,False,4.75,4.95,4.69,4.9,4.76,0.14,5.46,94469.57,45673.698,SH,1.6869,2.52,4.76,6.75,4.7,7.69,4.67,5.83
603855,华荣股份,Warom Technology Incorporated Company,2.69,0,2,0,False,9.26,9.55,9.18,9.55,9.3,0.25,3.98,43244.77,40601.824,SH,2.1457,0.9,9.37,1.38,9.39,2.14,9.22,6.11
603876,鼎胜新材,"Jiangsu Dingsheng New Material Joint-Stock Co.,Ltd",1.58,0,2,2,False,13.27,13.46,13.05,13.46,13.25,0.21,3.09,23377.69,31112.589,SH,0.9922,1.57,13.27,2.12,13.27,2.12,13.35,-6.72
603878,武进不锈,"Jiangsu Wujin Stainless Steel Pipe Group Co., Ltd.",3.1,0,3,0,False,10.29,10.79,10.26,10.63,10.31,0.32,5.14,99191.44,105145.9,SH,6.9296,3.81,10.37,4.83,10.31,3.4,10.21,7.7
603896,寿仙谷,"Zhejiang Shouxiangu Pharmaceutical Co., Ltd.",0.51,0,3,0,False,29.07,29.5,28.58,29.35,29.2,0.15,3.15,5926.37,17291.931,SH,0.9553,0.79,29.08,4.37,28.8,4.15,28.6,1.7
603901,永创智能,"Hangzhou Youngsun Intelligent Equipment Co.,Ltd.",2.92,0,7,2,False,9.61,10.01,9.48,9.86,9.58,0.28,5.53,128535.23,125321.051,SH,5.7539,1.75,9.56,8.11,9.38,11.92,8.96,18.08
603909,合诚股份,"Holsin Engineering Consulting Group Co.,Ltd.",1.58,0,5,0,False,13.26,13.59,13.1,13.54,13.33,0.21,3.68,21974.81,29494.881,SH,1.5512,2.52,13.37,2.73,13.29,4.56,13.11,5.12
603928,兴业股份,"Suzhou Xingye Materials Technology Co., Ltd.",0.35,0,2,5,False,11.42,11.42,11.24,11.33,11.29,0.04,1.59,3366.0,3809.905,SH,0.5362,0.78,11.3,0.27,11.32,0.71,11.34,-1.22
603958,哈森股份,"Harson Trading(China)Co., Ltd.",0.87,0,2,1,False,6.93,6.97,6.82,6.97,6.91,0.06,2.17,7628.0,5297.004,SH,0.3509,1.57,6.92,1.01,6.91,1.46,6.9,1.31
603969,银龙股份,"Silvery Dragon Prestressed Materials Co., Ltd.Tianjin",2.29,0,2,0,False,3.91,4.03,3.91,4.02,3.93,0.09,3.05,54565.47,21753.156,SH,0.6488,2.55,3.95,2.81,3.94,3.34,3.92,3.34
603993,洛阳钼业,"China Molybdenum Co.,Ltd.",3.5,0,2,0,False,3.43,3.56,3.42,3.55,3.43,0.12,4.08,1329525.0,466323.261,SH,0.7526,2.9,3.46,3.2,3.46,5.03,3.42,4.41
688006,杭可科技,Zhejiang HangKe Technology Incorporated Company,3.5,0,2,0,False,31.0,32.59,30.73,32.55,31.45,1.1,5.91,29095.94,93135.711,STAR,7.9095,1.3,31.6,4.6,31.6,4.73,31.7,-0.21
688116,天奈科技,"Jiangsu Cnano Technology Co.,Ltd.",4.23,0,2,0,False,24.75,26.21,24.4,25.85,24.8,1.05,7.3,49305.54,125432.431,STAR,9.3425,1.61,24.97,5.17,24.9,5.68,25.14,-0.5
